// Code generated by protoc-gen-go. DO NOT EDIT.
// versions:
// 	protoc-gen-go v1.34.2
// 	protoc        (unknown)
// source: cellsapi-rest.proto

package rest

import (
	_ "github.com/grpc-ecosystem/grpc-gateway/v2/protoc-gen-openapiv2/options"
	activity "github.com/pydio/cells/v5/common/proto/activity"
	ctl "github.com/pydio/cells/v5/common/proto/ctl"
	encryption "github.com/pydio/cells/v5/common/proto/encryption"
	idm "github.com/pydio/cells/v5/common/proto/idm"
	install "github.com/pydio/cells/v5/common/proto/install"
	jobs "github.com/pydio/cells/v5/common/proto/jobs"
	log "github.com/pydio/cells/v5/common/proto/log"
	mailer "github.com/pydio/cells/v5/common/proto/mailer"
	object "github.com/pydio/cells/v5/common/proto/object"
	registry "github.com/pydio/cells/v5/common/proto/registry"
	tree "github.com/pydio/cells/v5/common/proto/tree"
	update "github.com/pydio/cells/v5/common/proto/update"
	_ "google.golang.org/genproto/googleapis/api/annotations"
	protoreflect "google.golang.org/protobuf/reflect/protoreflect"
	protoimpl "google.golang.org/protobuf/runtime/protoimpl"
	reflect "reflect"
	sync "sync"
)

const (
	// Verify that this generated code is sufficiently up-to-date.
	_ = protoimpl.EnforceVersion(20 - protoimpl.MinVersion)
	// Verify that runtime/protoimpl is sufficiently up-to-date.
	_ = protoimpl.EnforceVersion(protoimpl.MaxVersion - 20)
)

type DeleteWorkspaceRequest struct {
	state         protoimpl.MessageState
	sizeCache     protoimpl.SizeCache
	unknownFields protoimpl.UnknownFields

	Slug string `protobuf:"bytes,1,opt,name=Slug,proto3" json:"Slug,omitempty"`
}

func (x *DeleteWorkspaceRequest) Reset() {
	*x = DeleteWorkspaceRequest{}
	if protoimpl.UnsafeEnabled {
		mi := &file_cellsapi_rest_proto_msgTypes[0]
		ms := protoimpl.X.MessageStateOf(protoimpl.Pointer(x))
		ms.StoreMessageInfo(mi)
	}
}

func (x *DeleteWorkspaceRequest) String() string {
	return protoimpl.X.MessageStringOf(x)
}

func (*DeleteWorkspaceRequest) ProtoMessage() {}

func (x *DeleteWorkspaceRequest) ProtoReflect() protoreflect.Message {
	mi := &file_cellsapi_rest_proto_msgTypes[0]
	if protoimpl.UnsafeEnabled && x != nil {
		ms := protoimpl.X.MessageStateOf(protoimpl.Pointer(x))
		if ms.LoadMessageInfo() == nil {
			ms.StoreMessageInfo(mi)
		}
		return ms
	}
	return mi.MessageOf(x)
}

// Deprecated: Use DeleteWorkspaceRequest.ProtoReflect.Descriptor instead.
func (*DeleteWorkspaceRequest) Descriptor() ([]byte, []int) {
	return file_cellsapi_rest_proto_rawDescGZIP(), []int{0}
}

func (x *DeleteWorkspaceRequest) GetSlug() string {
	if x != nil {
		return x.Slug
	}
	return ""
}

type HealthServiceRequest struct {
	state         protoimpl.MessageState
	sizeCache     protoimpl.SizeCache
	unknownFields protoimpl.UnknownFields

	ServiceName string `protobuf:"bytes,1,opt,name=ServiceName,proto3" json:"ServiceName,omitempty"`
}

func (x *HealthServiceRequest) Reset() {
	*x = HealthServiceRequest{}
	if protoimpl.UnsafeEnabled {
		mi := &file_cellsapi_rest_proto_msgTypes[1]
		ms := protoimpl.X.MessageStateOf(protoimpl.Pointer(x))
		ms.StoreMessageInfo(mi)
	}
}

func (x *HealthServiceRequest) String() string {
	return protoimpl.X.MessageStringOf(x)
}

func (*HealthServiceRequest) ProtoMessage() {}

func (x *HealthServiceRequest) ProtoReflect() protoreflect.Message {
	mi := &file_cellsapi_rest_proto_msgTypes[1]
	if protoimpl.UnsafeEnabled && x != nil {
		ms := protoimpl.X.MessageStateOf(protoimpl.Pointer(x))
		if ms.LoadMessageInfo() == nil {
			ms.StoreMessageInfo(mi)
		}
		return ms
	}
	return mi.MessageOf(x)
}

// Deprecated: Use HealthServiceRequest.ProtoReflect.Descriptor instead.
func (*HealthServiceRequest) Descriptor() ([]byte, []int) {
	return file_cellsapi_rest_proto_rawDescGZIP(), []int{1}
}

func (x *HealthServiceRequest) GetServiceName() string {
	if x != nil {
		return x.ServiceName
	}
	return ""
}

type ComponentStatus struct {
	state         protoimpl.MessageState
	sizeCache     protoimpl.SizeCache
	unknownFields protoimpl.UnknownFields

	Status  string `protobuf:"bytes,1,opt,name=Status,proto3" json:"Status,omitempty"`
	Details string `protobuf:"bytes,2,opt,name=Details,proto3" json:"Details,omitempty"`
}

func (x *ComponentStatus) Reset() {
	*x = ComponentStatus{}
	if protoimpl.UnsafeEnabled {
		mi := &file_cellsapi_rest_proto_msgTypes[2]
		ms := protoimpl.X.MessageStateOf(protoimpl.Pointer(x))
		ms.StoreMessageInfo(mi)
	}
}

func (x *ComponentStatus) String() string {
	return protoimpl.X.MessageStringOf(x)
}

func (*ComponentStatus) ProtoMessage() {}

func (x *ComponentStatus) ProtoReflect() protoreflect.Message {
	mi := &file_cellsapi_rest_proto_msgTypes[2]
	if protoimpl.UnsafeEnabled && x != nil {
		ms := protoimpl.X.MessageStateOf(protoimpl.Pointer(x))
		if ms.LoadMessageInfo() == nil {
			ms.StoreMessageInfo(mi)
		}
		return ms
	}
	return mi.MessageOf(x)
}

// Deprecated: Use ComponentStatus.ProtoReflect.Descriptor instead.
func (*ComponentStatus) Descriptor() ([]byte, []int) {
	return file_cellsapi_rest_proto_rawDescGZIP(), []int{2}
}

func (x *ComponentStatus) GetStatus() string {
	if x != nil {
		return x.Status
	}
	return ""
}

func (x *ComponentStatus) GetDetails() string {
	if x != nil {
		return x.Details
	}
	return ""
}

type HealthServiceResponse struct {
	state         protoimpl.MessageState
	sizeCache     protoimpl.SizeCache
	unknownFields protoimpl.UnknownFields

	Status     string                      `protobuf:"bytes,1,opt,name=Status,proto3" json:"Status,omitempty"`
	Components map[string]*ComponentStatus `protobuf:"bytes,2,rep,name=Components,proto3" json:"Components,omitempty" protobuf_key:"bytes,1,opt,name=key,proto3" protobuf_val:"bytes,2,opt,name=value,proto3"`
}

func (x *HealthServiceResponse) Reset() {
	*x = HealthServiceResponse{}
	if protoimpl.UnsafeEnabled {
		mi := &file_cellsapi_rest_proto_msgTypes[3]
		ms := protoimpl.X.MessageStateOf(protoimpl.Pointer(x))
		ms.StoreMessageInfo(mi)
	}
}

func (x *HealthServiceResponse) String() string {
	return protoimpl.X.MessageStringOf(x)
}

func (*HealthServiceResponse) ProtoMessage() {}

func (x *HealthServiceResponse) ProtoReflect() protoreflect.Message {
	mi := &file_cellsapi_rest_proto_msgTypes[3]
	if protoimpl.UnsafeEnabled && x != nil {
		ms := protoimpl.X.MessageStateOf(protoimpl.Pointer(x))
		if ms.LoadMessageInfo() == nil {
			ms.StoreMessageInfo(mi)
		}
		return ms
	}
	return mi.MessageOf(x)
}

// Deprecated: Use HealthServiceResponse.ProtoReflect.Descriptor instead.
func (*HealthServiceResponse) Descriptor() ([]byte, []int) {
	return file_cellsapi_rest_proto_rawDescGZIP(), []int{3}
}

func (x *HealthServiceResponse) GetStatus() string {
	if x != nil {
		return x.Status
	}
	return ""
}

func (x *HealthServiceResponse) GetComponents() map[string]*ComponentStatus {
	if x != nil {
		return x.Components
	}
	return nil
}

var File_cellsapi_rest_proto protoreflect.FileDescriptor

var file_cellsapi_rest_proto_rawDesc = []byte{
	0x0a, 0x13, 0x63, 0x65, 0x6c, 0x6c, 0x73, 0x61, 0x70, 0x69, 0x2d, 0x72, 0x65, 0x73, 0x74, 0x2e,
	0x70, 0x72, 0x6f, 0x74, 0x6f, 0x12, 0x04, 0x72, 0x65, 0x73, 0x74, 0x1a, 0x15, 0x63, 0x65, 0x6c,
	0x6c, 0x73, 0x61, 0x70, 0x69, 0x2d, 0x63, 0x6f, 0x6d, 0x6d, 0x6f, 0x6e, 0x2e, 0x70, 0x72, 0x6f,
	0x74, 0x6f, 0x1a, 0x13, 0x63, 0x65, 0x6c, 0x6c, 0x73, 0x61, 0x70, 0x69, 0x2d, 0x64, 0x61, 0x74,
	0x61, 0x2e, 0x70, 0x72, 0x6f, 0x74, 0x6f, 0x1a, 0x12, 0x63, 0x65, 0x6c, 0x6c, 0x73, 0x61, 0x70,
	0x69, 0x2d, 0x69, 0x64, 0x6d, 0x2e, 0x70, 0x72, 0x6f, 0x74, 0x6f, 0x1a, 0x15, 0x63, 0x65, 0x6c,
	0x6c, 0x73, 0x61, 0x70, 0x69, 0x2d, 0x62, 0x72, 0x6f, 0x6b, 0x65, 0x72, 0x2e, 0x70, 0x72, 0x6f,
	0x74, 0x6f, 0x1a, 0x15, 0x63, 0x65, 0x6c, 0x6c, 0x73, 0x61, 0x70, 0x69, 0x2d, 0x63, 0x6f, 0x6e,
	0x66, 0x69, 0x67, 0x2e, 0x70, 0x72, 0x6f, 0x74, 0x6f, 0x1a, 0x18, 0x63, 0x65, 0x6c, 0x6c, 0x73,
	0x61, 0x70, 0x69, 0x2d, 0x73, 0x63, 0x68, 0x65, 0x64, 0x75, 0x6c, 0x65, 0x72, 0x2e, 0x70, 0x72,
	0x6f, 0x74, 0x6f, 0x1a, 0x14, 0x63, 0x65, 0x6c, 0x6c, 0x73, 0x61, 0x70, 0x69, 0x2d, 0x67, 0x72,
	0x61, 0x70, 0x68, 0x2e, 0x70, 0x72, 0x6f, 0x74, 0x6f, 0x1a, 0x14, 0x63, 0x65, 0x6c, 0x6c, 0x73,
	0x61, 0x70, 0x69, 0x2d, 0x73, 0x68, 0x61, 0x72, 0x65, 0x2e, 0x70, 0x72, 0x6f, 0x74, 0x6f, 0x1a,
	0x17, 0x63, 0x65, 0x6c, 0x6c, 0x73, 0x61, 0x70, 0x69, 0x2d, 0x66, 0x72, 0x6f, 0x6e, 0x74, 0x65,
	0x6e, 0x64, 0x2e, 0x70, 0x72, 0x6f, 0x74, 0x6f, 0x1a, 0x18, 0x63, 0x65, 0x6c, 0x6c, 0x73, 0x61,
	0x70, 0x69, 0x2d, 0x74, 0x65, 0x6d, 0x70, 0x6c, 0x61, 0x74, 0x65, 0x73, 0x2e, 0x70, 0x72, 0x6f,
	0x74, 0x6f, 0x1a, 0x10, 0x63, 0x65, 0x6c, 0x6c, 0x73, 0x2d, 0x74, 0x72, 0x65, 0x65, 0x2e, 0x70,
	0x72, 0x6f, 0x74, 0x6f, 0x1a, 0x0f, 0x63, 0x65, 0x6c, 0x6c, 0x73, 0x2d, 0x69, 0x64, 0x6d, 0x2e,
	0x70, 0x72, 0x6f, 0x74, 0x6f, 0x1a, 0x12, 0x63, 0x65, 0x6c, 0x6c, 0x73, 0x2d, 0x6d, 0x61, 0x69,
	0x6c, 0x65, 0x72, 0x2e, 0x70, 0x72, 0x6f, 0x74, 0x6f, 0x1a, 0x1a, 0x63, 0x65, 0x6c, 0x6c, 0x73,
	0x2d, 0x61, 0x63, 0x74, 0x69, 0x76, 0x69, 0x74, 0x79, 0x73, 0x74, 0x72, 0x65, 0x61, 0x6d, 0x2e,
	0x70, 0x72, 0x6f, 0x74, 0x6f, 0x1a, 0x10, 0x63, 0x65, 0x6c, 0x6c, 0x73, 0x2d, 0x6a, 0x6f, 0x62,
	0x73, 0x2e, 0x70, 0x72, 0x6f, 0x74, 0x6f, 0x1a, 0x16, 0x63, 0x65, 0x6c, 0x6c, 0x73, 0x2d, 0x65,
	0x6e, 0x63, 0x72, 0x79, 0x70, 0x74, 0x69, 0x6f, 0x6e, 0x2e, 0x70, 0x72, 0x6f, 0x74, 0x6f, 0x1a,
	0x0f, 0x63, 0x65, 0x6c, 0x6c, 0x73, 0x2d, 0x6c, 0x6f, 0x67, 0x2e, 0x70, 0x72, 0x6f, 0x74, 0x6f,
	0x1a, 0x12, 0x63, 0x65, 0x6c, 0x6c, 0x73, 0x2d, 0x6f, 0x62, 0x6a, 0x65, 0x63, 0x74, 0x2e, 0x70,
	0x72, 0x6f, 0x74, 0x6f, 0x1a, 0x13, 0x63, 0x65, 0x6c, 0x6c, 0x73, 0x2d, 0x69, 0x6e, 0x73, 0x74,
	0x61, 0x6c, 0x6c, 0x2e, 0x70, 0x72, 0x6f, 0x74, 0x6f, 0x1a, 0x0f, 0x63, 0x65, 0x6c, 0x6c, 0x73,
	0x2d, 0x63, 0x74, 0x6c, 0x2e, 0x70, 0x72, 0x6f, 0x74, 0x6f, 0x1a, 0x12, 0x63, 0x65, 0x6c, 0x6c,
	0x73, 0x2d, 0x75, 0x70, 0x64, 0x61, 0x74, 0x65, 0x2e, 0x70, 0x72, 0x6f, 0x74, 0x6f, 0x1a, 0x14,
	0x63, 0x65, 0x6c, 0x6c, 0x73, 0x2d, 0x72, 0x65, 0x67, 0x69, 0x73, 0x74, 0x72, 0x79, 0x2e, 0x70,
	0x72, 0x6f, 0x74, 0x6f, 0x1a, 0x1c, 0x67, 0x6f, 0x6f, 0x67, 0x6c, 0x65, 0x2f, 0x61, 0x70, 0x69,
	0x2f, 0x61, 0x6e, 0x6e, 0x6f, 0x74, 0x61, 0x74, 0x69, 0x6f, 0x6e, 0x73, 0x2e, 0x70, 0x72, 0x6f,
	0x74, 0x6f, 0x1a, 0x2e, 0x70, 0x72, 0x6f, 0x74, 0x6f, 0x63, 0x2d, 0x67, 0x65, 0x6e, 0x2d, 0x6f,
	0x70, 0x65, 0x6e, 0x61, 0x70, 0x69, 0x76, 0x32, 0x2f, 0x6f, 0x70, 0x74, 0x69, 0x6f, 0x6e, 0x73,
	0x2f, 0x61, 0x6e, 0x6e, 0x6f, 0x74, 0x61, 0x74, 0x69, 0x6f, 0x6e, 0x73, 0x2e, 0x70, 0x72, 0x6f,
	0x74, 0x6f, 0x22, 0x2c, 0x0a, 0x16, 0x44, 0x65, 0x6c, 0x65, 0x74, 0x65, 0x57, 0x6f, 0x72, 0x6b,
	0x73, 0x70, 0x61, 0x63, 0x65, 0x52, 0x65, 0x71, 0x75, 0x65, 0x73, 0x74, 0x12, 0x12, 0x0a, 0x04,
	0x53, 0x6c, 0x75, 0x67, 0x18, 0x01, 0x20, 0x01, 0x28, 0x09, 0x52, 0x04, 0x53, 0x6c, 0x75, 0x67,
	0x22, 0x38, 0x0a, 0x14, 0x48, 0x65, 0x61, 0x6c, 0x74, 0x68, 0x53, 0x65, 0x72, 0x76, 0x69, 0x63,
	0x65, 0x52, 0x65, 0x71, 0x75, 0x65, 0x73, 0x74, 0x12, 0x20, 0x0a, 0x0b, 0x53, 0x65, 0x72, 0x76,
	0x69, 0x63, 0x65, 0x4e, 0x61, 0x6d, 0x65, 0x18, 0x01, 0x20, 0x01, 0x28, 0x09, 0x52, 0x0b, 0x53,
	0x65, 0x72, 0x76, 0x69, 0x63, 0x65, 0x4e, 0x61, 0x6d, 0x65, 0x22, 0x43, 0x0a, 0x0f, 0x43, 0x6f,
	0x6d, 0x70, 0x6f, 0x6e, 0x65, 0x6e, 0x74, 0x53, 0x74, 0x61, 0x74, 0x75, 0x73, 0x12, 0x16, 0x0a,
	0x06, 0x53, 0x74, 0x61, 0x74, 0x75, 0x73, 0x18, 0x01, 0x20, 0x01, 0x28, 0x09, 0x52, 0x06, 0x53,
	0x74, 0x61, 0x74, 0x75, 0x73, 0x12, 0x18, 0x0a, 0x07, 0x44, 0x65, 0x74, 0x61, 0x69, 0x6c, 0x73,
	0x18, 0x02, 0x20, 0x01, 0x28, 0x09, 0x52, 0x07, 0x44, 0x65, 0x74, 0x61, 0x69, 0x6c, 0x73, 0x22,
	0xd2, 0x01, 0x0a, 0x15, 0x48, 0x65, 0x61, 0x6c, 0x74, 0x68, 0x53, 0x65, 0x72, 0x76, 0x69, 0x63,
	0x65, 0x52, 0x65, 0x73, 0x70, 0x6f, 0x6e, 0x73, 0x65, 0x12, 0x16, 0x0a, 0x06, 0x53, 0x74, 0x61,
	0x74, 0x75, 0x73, 0x18, 0x01, 0x20, 0x01, 0x28, 0x09, 0x52, 0x06, 0x53, 0x74, 0x61, 0x74, 0x75,
	0x73, 0x12, 0x4b, 0x0a, 0x0a, 0x43, 0x6f, 0x6d, 0x70, 0x6f, 0x6e, 0x65, 0x6e, 0x74, 0x73, 0x18,
	0x02, 0x20, 0x03, 0x28, 0x0b, 0x32, 0x2b, 0x2e, 0x72, 0x65, 0x73, 0x74, 0x2e, 0x48, 0x65, 0x61,
	0x6c, 0x74, 0x68, 0x53, 0x65, 0x72, 0x76, 0x69, 0x63, 0x65, 0x52, 0x65, 0x73, 0x70, 0x6f, 0x6e,
	0x73, 0x65, 0x2e, 0x43, 0x6f, 0x6d, 0x70, 0x6f, 0x6e, 0x65, 0x6e, 0x74, 0x73, 0x45, 0x6e, 0x74,
	0x72, 0x79, 0x52, 0x0a, 0x43, 0x6f, 0x6d, 0x70, 0x6f, 0x6e, 0x65, 0x6e, 0x74, 0x73, 0x1a, 0x54,
	0x0a, 0x0f, 0x43, 0x6f, 0x6d, 0x70, 0x6f, 0x6e, 0x65, 0x6e, 0x74, 0x73, 0x45, 0x6e, 0x74, 0x72,
	0x79, 0x12, 0x10, 0x0a, 0x03, 0x6b, 0x65, 0x79, 0x18, 0x01, 0x20, 0x01, 0x28, 0x09, 0x52, 0x03,
	0x6b, 0x65, 0x79, 0x12, 0x2b, 0x0a, 0x05, 0x76, 0x61, 0x6c, 0x75, 0x65, 0x18, 0x02, 0x20, 0x01,
	0x28, 0x0b, 0x32, 0x15, 0x2e, 0x72, 0x65, 0x73, 0x74, 0x2e, 0x43, 0x6f, 0x6d, 0x70, 0x6f, 0x6e,
	0x65, 0x6e, 0x74, 0x53, 0x74, 0x61, 0x74, 0x75, 0x73, 0x52, 0x05, 0x76, 0x61, 0x6c, 0x75, 0x65,
	0x3a, 0x02, 0x38, 0x01, 0x32, 0x96, 0x19, 0x0a, 0x0d, 0x43, 0x6f, 0x6e, 0x66, 0x69, 0x67, 0x53,
	0x65, 0x72, 0x76, 0x69, 0x63, 0x65, 0x12, 0x54, 0x0a, 0x09, 0x50, 0x75, 0x74, 0x43, 0x6f, 0x6e,
	0x66, 0x69, 0x67, 0x12, 0x13, 0x2e, 0x72, 0x65, 0x73, 0x74, 0x2e, 0x43, 0x6f, 0x6e, 0x66, 0x69,
	0x67, 0x75, 0x72, 0x61, 0x74, 0x69, 0x6f, 0x6e, 0x1a, 0x13, 0x2e, 0x72, 0x65, 0x73, 0x74, 0x2e,
	0x43, 0x6f, 0x6e, 0x66, 0x69, 0x67, 0x75, 0x72, 0x61, 0x74, 0x69, 0x6f, 0x6e, 0x22, 0x1d, 0x82,
	0xd3, 0xe4, 0x93, 0x02, 0x17, 0x3a, 0x01, 0x2a, 0x1a, 0x12, 0x2f, 0x63, 0x6f, 0x6e, 0x66, 0x69,
	0x67, 0x2f, 0x7b, 0x46, 0x75, 0x6c, 0x6c, 0x50, 0x61, 0x74, 0x68, 0x7d, 0x12, 0x51, 0x0a, 0x09,
	0x47, 0x65, 0x74, 0x43, 0x6f, 0x6e, 0x66, 0x69, 0x67, 0x12, 0x13, 0x2e, 0x72, 0x65, 0x73, 0x74,
	0x2e, 0x43, 0x6f, 0x6e, 0x66, 0x69, 0x67, 0x75, 0x72, 0x61, 0x74, 0x69, 0x6f, 0x6e, 0x1a, 0x13,
	0x2e, 0x72, 0x65, 0x73, 0x74, 0x2e, 0x43, 0x6f, 0x6e, 0x66, 0x69, 0x67, 0x75, 0x72, 0x61, 0x74,
	0x69, 0x6f, 0x6e, 0x22, 0x1a, 0x82, 0xd3, 0xe4, 0x93, 0x02, 0x14, 0x12, 0x12, 0x2f, 0x63, 0x6f,
	0x6e, 0x66, 0x69, 0x67, 0x2f, 0x7b, 0x46, 0x75, 0x6c, 0x6c, 0x50, 0x61, 0x74, 0x68, 0x7d, 0x12,
	0x5d, 0x0a, 0x0d, 0x50, 0x75, 0x74, 0x44, 0x61, 0x74, 0x61, 0x53, 0x6f, 0x75, 0x72, 0x63, 0x65,
	0x12, 0x12, 0x2e, 0x6f, 0x62, 0x6a, 0x65, 0x63, 0x74, 0x2e, 0x44, 0x61, 0x74, 0x61, 0x53, 0x6f,
	0x75, 0x72, 0x63, 0x65, 0x1a, 0x12, 0x2e, 0x6f, 0x62, 0x6a, 0x65, 0x63, 0x74, 0x2e, 0x44, 0x61,
	0x74, 0x61, 0x53, 0x6f, 0x75, 0x72, 0x63, 0x65, 0x22, 0x24, 0x82, 0xd3, 0xe4, 0x93, 0x02, 0x1e,
	0x3a, 0x01, 0x2a, 0x22, 0x19, 0x2f, 0x63, 0x6f, 0x6e, 0x66, 0x69, 0x67, 0x2f, 0x64, 0x61, 0x74,
	0x61, 0x73, 0x6f, 0x75, 0x72, 0x63, 0x65, 0x2f, 0x7b, 0x4e, 0x61, 0x6d, 0x65, 0x7d, 0x12, 0x5a,
	0x0a, 0x0d, 0x47, 0x65, 0x74, 0x44, 0x61, 0x74, 0x61, 0x53, 0x6f, 0x75, 0x72, 0x63, 0x65, 0x12,
	0x12, 0x2e, 0x6f, 0x62, 0x6a, 0x65, 0x63, 0x74, 0x2e, 0x44, 0x61, 0x74, 0x61, 0x53, 0x6f, 0x75,
	0x72, 0x63, 0x65, 0x1a, 0x12, 0x2e, 0x6f, 0x62, 0x6a, 0x65, 0x63, 0x74, 0x2e, 0x44, 0x61, 0x74,
	0x61, 0x53, 0x6f, 0x75, 0x72, 0x63, 0x65, 0x22, 0x21, 0x82, 0xd3, 0xe4, 0x93, 0x02, 0x1b, 0x12,
	0x19, 0x2f, 0x63, 0x6f, 0x6e, 0x66, 0x69, 0x67, 0x2f, 0x64, 0x61, 0x74, 0x61, 0x73, 0x6f, 0x75,
	0x72, 0x63, 0x65, 0x2f, 0x7b, 0x4e, 0x61, 0x6d, 0x65, 0x7d, 0x12, 0x69, 0x0a, 0x10, 0x44, 0x65,
	0x6c, 0x65, 0x74, 0x65, 0x44, 0x61, 0x74, 0x61, 0x53, 0x6f, 0x75, 0x72, 0x63, 0x65, 0x12, 0x12,
	0x2e, 0x6f, 0x62, 0x6a, 0x65, 0x63, 0x74, 0x2e, 0x44, 0x61, 0x74, 0x61, 0x53, 0x6f, 0x75, 0x72,
	0x63, 0x65, 0x1a, 0x1e, 0x2e, 0x72, 0x65, 0x73, 0x74, 0x2e, 0x44, 0x65, 0x6c, 0x65, 0x74, 0x65,
	0x44, 0x61, 0x74, 0x61, 0x53, 0x6f, 0x75, 0x72, 0x63, 0x65, 0x52, 0x65, 0x73, 0x70, 0x6f, 0x6e,
	0x73, 0x65, 0x22, 0x21, 0x82, 0xd3, 0xe4, 0x93, 0x02, 0x1b, 0x2a, 0x19, 0x2f, 0x63, 0x6f, 0x6e,
	0x66, 0x69, 0x67, 0x2f, 0x64, 0x61, 0x74, 0x61, 0x73, 0x6f, 0x75, 0x72, 0x63, 0x65, 0x2f, 0x7b,
	0x4e, 0x61, 0x6d, 0x65, 0x7d, 0x12, 0x66, 0x0a, 0x0f, 0x4c, 0x69, 0x73, 0x74, 0x44, 0x61, 0x74,
	0x61, 0x53, 0x6f, 0x75, 0x72, 0x63, 0x65, 0x73, 0x12, 0x1b, 0x2e, 0x72, 0x65, 0x73, 0x74, 0x2e,
	0x4c, 0x69, 0x73, 0x74, 0x44, 0x61, 0x74, 0x61, 0x53, 0x6f, 0x75, 0x72, 0x63, 0x65, 0x52, 0x65,
	0x71, 0x75, 0x65, 0x73, 0x74, 0x1a, 0x1a, 0x2e, 0x72, 0x65, 0x73, 0x74, 0x2e, 0x44, 0x61, 0x74,
	0x61, 0x53, 0x6f, 0x75, 0x72, 0x63, 0x65, 0x43, 0x6f, 0x6c, 0x6c, 0x65, 0x63, 0x74, 0x69, 0x6f,
	0x6e, 0x22, 0x1a, 0x82, 0xd3, 0xe4, 0x93, 0x02, 0x14, 0x12, 0x12, 0x2f, 0x63, 0x6f, 0x6e, 0x66,
	0x69, 0x67, 0x2f, 0x64, 0x61, 0x74, 0x61, 0x73, 0x6f, 0x75, 0x72, 0x63, 0x65, 0x12, 0x79, 0x0a,
	0x16, 0x4c, 0x69, 0x73, 0x74, 0x56, 0x65, 0x72, 0x73, 0x69, 0x6f, 0x6e, 0x69, 0x6e, 0x67, 0x50,
	0x6f, 0x6c, 0x69, 0x63, 0x69, 0x65, 0x73, 0x12, 0x21, 0x2e, 0x72, 0x65, 0x73, 0x74, 0x2e, 0x4c,
	0x69, 0x73, 0x74, 0x56, 0x65, 0x72, 0x73, 0x69, 0x6f, 0x6e, 0x69, 0x6e, 0x67, 0x50, 0x6f, 0x6c,
	0x69, 0x63, 0x79, 0x52, 0x65, 0x71, 0x75, 0x65, 0x73, 0x74, 0x1a, 0x20, 0x2e, 0x72, 0x65, 0x73,
	0x74, 0x2e, 0x56, 0x65, 0x72, 0x73, 0x69, 0x6f, 0x6e, 0x69, 0x6e, 0x67, 0x50, 0x6f, 0x6c, 0x69,
	0x63, 0x79, 0x43, 0x6f, 0x6c, 0x6c, 0x65, 0x63, 0x74, 0x69, 0x6f, 0x6e, 0x22, 0x1a, 0x82, 0xd3,
	0xe4, 0x93, 0x02, 0x14, 0x12, 0x12, 0x2f, 0x63, 0x6f, 0x6e, 0x66, 0x69, 0x67, 0x2f, 0x76, 0x65,
	0x72, 0x73, 0x69, 0x6f, 0x6e, 0x69, 0x6e, 0x67, 0x12, 0x68, 0x0a, 0x13, 0x47, 0x65, 0x74, 0x56,
	0x65, 0x72, 0x73, 0x69, 0x6f, 0x6e, 0x69, 0x6e, 0x67, 0x50, 0x6f, 0x6c, 0x69, 0x63, 0x79, 0x12,
	0x16, 0x2e, 0x74, 0x72, 0x65, 0x65, 0x2e, 0x56, 0x65, 0x72, 0x73, 0x69, 0x6f, 0x6e, 0x69, 0x6e,
	0x67, 0x50, 0x6f, 0x6c, 0x69, 0x63, 0x79, 0x1a, 0x16, 0x2e, 0x74, 0x72, 0x65, 0x65, 0x2e, 0x56,
	0x65, 0x72, 0x73, 0x69, 0x6f, 0x6e, 0x69, 0x6e, 0x67, 0x50, 0x6f, 0x6c, 0x69, 0x63, 0x79, 0x22,
	0x21, 0x82, 0xd3, 0xe4, 0x93, 0x02, 0x1b, 0x12, 0x19, 0x2f, 0x63, 0x6f, 0x6e, 0x66, 0x69, 0x67,
	0x2f, 0x76, 0x65, 0x72, 0x73, 0x69, 0x6f, 0x6e, 0x69, 0x6e, 0x67, 0x2f, 0x7b, 0x55, 0x75, 0x69,
	0x64, 0x7d, 0x12, 0x66, 0x0a, 0x10, 0x4c, 0x69, 0x73, 0x74, 0x56, 0x69, 0x72, 0x74, 0x75, 0x61,
	0x6c, 0x4e, 0x6f, 0x64, 0x65, 0x73, 0x12, 0x1d, 0x2e, 0x72, 0x65, 0x73, 0x74, 0x2e, 0x4c, 0x69,
	0x73, 0x74, 0x56, 0x69, 0x72, 0x74, 0x75, 0x61, 0x6c, 0x4e, 0x6f, 0x64, 0x65, 0x73, 0x52, 0x65,
	0x71, 0x75, 0x65, 0x73, 0x74, 0x1a, 0x15, 0x2e, 0x72, 0x65, 0x73, 0x74, 0x2e, 0x4e, 0x6f, 0x64,
	0x65, 0x73, 0x43, 0x6f, 0x6c, 0x6c, 0x65, 0x63, 0x74, 0x69, 0x6f, 0x6e, 0x22, 0x1c, 0x82, 0xd3,
	0xe4, 0x93, 0x02, 0x16, 0x12, 0x14, 0x2f, 0x63, 0x6f, 0x6e, 0x66, 0x69, 0x67, 0x2f, 0x76, 0x69,
	0x72, 0x74, 0x75, 0x61, 0x6c, 0x6e, 0x6f, 0x64, 0x65, 0x73, 0x12, 0x56, 0x0a, 0x0c, 0x4c, 0x69,
	0x73, 0x74, 0x53, 0x65, 0x72, 0x76, 0x69, 0x63, 0x65, 0x73, 0x12, 0x18, 0x2e, 0x72, 0x65, 0x73,
	0x74, 0x2e, 0x4c, 0x69, 0x73, 0x74, 0x53, 0x65, 0x72, 0x76, 0x69, 0x63, 0x65, 0x52, 0x65, 0x71,
	0x75, 0x65, 0x73, 0x74, 0x1a, 0x17, 0x2e, 0x72, 0x65, 0x73, 0x74, 0x2e, 0x53, 0x65, 0x72, 0x76,
	0x69, 0x63, 0x65, 0x43, 0x6f, 0x6c, 0x6c, 0x65, 0x63, 0x74, 0x69, 0x6f, 0x6e, 0x22, 0x13, 0x82,
	0xd3, 0xe4, 0x93, 0x02, 0x0d, 0x12, 0x0b, 0x2f, 0x63, 0x6f, 0x6e, 0x66, 0x69, 0x67, 0x2f, 0x63,
	0x74, 0x6c, 0x12, 0x53, 0x0a, 0x0e, 0x43, 0x6f, 0x6e, 0x74, 0x72, 0x6f, 0x6c, 0x53, 0x65, 0x72,
	0x76, 0x69, 0x63, 0x65, 0x12, 0x1b, 0x2e, 0x72, 0x65, 0x73, 0x74, 0x2e, 0x43, 0x6f, 0x6e, 0x74,
	0x72, 0x6f, 0x6c, 0x53, 0x65, 0x72, 0x76, 0x69, 0x63, 0x65, 0x52, 0x65, 0x71, 0x75, 0x65, 0x73,
	0x74, 0x1a, 0x0c, 0x2e, 0x63, 0x74, 0x6c, 0x2e, 0x53, 0x65, 0x72, 0x76, 0x69, 0x63, 0x65, 0x22,
	0x16, 0x82, 0xd3, 0xe4, 0x93, 0x02, 0x10, 0x3a, 0x01, 0x2a, 0x22, 0x0b, 0x2f, 0x63, 0x6f, 0x6e,
	0x66, 0x69, 0x67, 0x2f, 0x63, 0x74, 0x6c, 0x12, 0x5a, 0x0a, 0x0c, 0x4c, 0x69, 0x73, 0x74, 0x52,
	0x65, 0x67, 0x69, 0x73, 0x74, 0x72, 0x79, 0x12, 0x15, 0x2e, 0x72, 0x65, 0x67, 0x69, 0x73, 0x74,
	0x72, 0x79, 0x2e, 0x4c, 0x69, 0x73, 0x74, 0x52, 0x65, 0x71, 0x75, 0x65, 0x73, 0x74, 0x1a, 0x16,
	0x2e, 0x72, 0x65, 0x67, 0x69, 0x73, 0x74, 0x72, 0x79, 0x2e, 0x4c, 0x69, 0x73, 0x74, 0x52, 0x65,
	0x73, 0x70, 0x6f, 0x6e, 0x73, 0x65, 0x22, 0x1b, 0x82, 0xd3, 0xe4, 0x93, 0x02, 0x15, 0x3a, 0x01,
	0x2a, 0x22, 0x10, 0x2f, 0x63, 0x6f, 0x6e, 0x66, 0x69, 0x67, 0x2f, 0x72, 0x65, 0x67, 0x69, 0x73,
	0x74, 0x72, 0x79, 0x12, 0x6e, 0x0a, 0x12, 0x4c, 0x69, 0x73, 0x74, 0x50, 0x65, 0x65, 0x72, 0x73,
	0x41, 0x64, 0x64, 0x72, 0x65, 0x73, 0x73, 0x65, 0x73, 0x12, 0x1f, 0x2e, 0x72, 0x65, 0x73, 0x74,
	0x2e, 0x4c, 0x69, 0x73, 0x74, 0x50, 0x65, 0x65, 0x72, 0x73, 0x41, 0x64, 0x64, 0x72, 0x65, 0x73,
	0x73, 0x65, 0x73, 0x52, 0x65, 0x71, 0x75, 0x65, 0x73, 0x74, 0x1a, 0x20, 0x2e, 0x72, 0x65, 0x73,
	0x74, 0x2e, 0x4c, 0x69, 0x73, 0x74, 0x50, 0x65, 0x65, 0x72, 0x73, 0x41, 0x64, 0x64, 0x72, 0x65,
	0x73, 0x73, 0x65, 0x73, 0x52, 0x65, 0x73, 0x70, 0x6f, 0x6e, 0x73, 0x65, 0x22, 0x15, 0x82, 0xd3,
	0xe4, 0x93, 0x02, 0x0f, 0x12, 0x0d, 0x2f, 0x63, 0x6f, 0x6e, 0x66, 0x69, 0x67, 0x2f, 0x70, 0x65,
	0x65, 0x72, 0x73, 0x12, 0x6e, 0x0a, 0x0f, 0x4c, 0x69, 0x73, 0x74, 0x50, 0x65, 0x65, 0x72, 0x46,
	0x6f, 0x6c, 0x64, 0x65, 0x72, 0x73, 0x12, 0x1c, 0x2e, 0x72, 0x65, 0x73, 0x74, 0x2e, 0x4c, 0x69,
	0x73, 0x74, 0x50, 0x65, 0x65, 0x72, 0x46, 0x6f, 0x6c, 0x64, 0x65, 0x72, 0x73, 0x52, 0x65, 0x71,
	0x75, 0x65, 0x73, 0x74, 0x1a, 0x15, 0x2e, 0x72, 0x65, 0x73, 0x74, 0x2e, 0x4e, 0x6f, 0x64, 0x65,
	0x73, 0x43, 0x6f, 0x6c, 0x6c, 0x65, 0x63, 0x74, 0x69, 0x6f, 0x6e, 0x22, 0x26, 0x82, 0xd3, 0xe4,
	0x93, 0x02, 0x20, 0x3a, 0x01, 0x2a, 0x22, 0x1b, 0x2f, 0x63, 0x6f, 0x6e, 0x66, 0x69, 0x67, 0x2f,
	0x70, 0x65, 0x65, 0x72, 0x73, 0x2f, 0x7b, 0x50, 0x65, 0x65, 0x72, 0x41, 0x64, 0x64, 0x72, 0x65,
	0x73, 0x73, 0x7d, 0x12, 0x79, 0x0a, 0x10, 0x43, 0x72, 0x65, 0x61, 0x74, 0x65, 0x50, 0x65, 0x65,
	0x72, 0x46, 0x6f, 0x6c, 0x64, 0x65, 0x72, 0x12, 0x1d, 0x2e, 0x72, 0x65, 0x73, 0x74, 0x2e, 0x43,
	0x72, 0x65, 0x61, 0x74, 0x65, 0x50, 0x65, 0x65, 0x72, 0x46, 0x6f, 0x6c, 0x64, 0x65, 0x72, 0x52,
	0x65, 0x71, 0x75, 0x65, 0x73, 0x74, 0x1a, 0x1e, 0x2e, 0x72, 0x65, 0x73, 0x74, 0x2e, 0x43, 0x72,
	0x65, 0x61, 0x74, 0x65, 0x50, 0x65, 0x65, 0x72, 0x46, 0x6f, 0x6c, 0x64, 0x65, 0x72, 0x52, 0x65,
	0x73, 0x70, 0x6f, 0x6e, 0x73, 0x65, 0x22, 0x26, 0x82, 0xd3, 0xe4, 0x93, 0x02, 0x20, 0x3a, 0x01,
	0x2a, 0x1a, 0x1b, 0x2f, 0x63, 0x6f, 0x6e, 0x66, 0x69, 0x67, 0x2f, 0x70, 0x65, 0x65, 0x72, 0x73,
	0x2f, 0x7b, 0x50, 0x65, 0x65, 0x72, 0x41, 0x64, 0x64, 0x72, 0x65, 0x73, 0x73, 0x7d, 0x12, 0x68,
	0x0a, 0x12, 0x4c, 0x69, 0x73, 0x74, 0x53, 0x74, 0x6f, 0x72, 0x61, 0x67, 0x65, 0x42, 0x75, 0x63,
	0x6b, 0x65, 0x74, 0x73, 0x12, 0x1f, 0x2e, 0x72, 0x65, 0x73, 0x74, 0x2e, 0x4c, 0x69, 0x73, 0x74,
	0x53, 0x74, 0x6f, 0x72, 0x61, 0x67, 0x65, 0x42, 0x75, 0x63, 0x6b, 0x65, 0x74, 0x73, 0x52, 0x65,
	0x71, 0x75, 0x65, 0x73, 0x74, 0x1a, 0x15, 0x2e, 0x72, 0x65, 0x73, 0x74, 0x2e, 0x4e, 0x6f, 0x64,
	0x65, 0x73, 0x43, 0x6f, 0x6c, 0x6c, 0x65, 0x63, 0x74, 0x69, 0x6f, 0x6e, 0x22, 0x1a, 0x82, 0xd3,
	0xe4, 0x93, 0x02, 0x14, 0x3a, 0x01, 0x2a, 0x22, 0x0f, 0x2f, 0x63, 0x6f, 0x6e, 0x66, 0x69, 0x67,
	0x2f, 0x62, 0x75, 0x63, 0x6b, 0x65, 0x74, 0x73, 0x12, 0x83, 0x01, 0x0a, 0x13, 0x43, 0x72, 0x65,
	0x61, 0x74, 0x65, 0x53, 0x74, 0x6f, 0x72, 0x61, 0x67, 0x65, 0x42, 0x75, 0x63, 0x6b, 0x65, 0x74,
	0x12, 0x20, 0x2e, 0x72, 0x65, 0x73, 0x74, 0x2e, 0x43, 0x72, 0x65, 0x61, 0x74, 0x65, 0x53, 0x74,
	0x6f, 0x72, 0x61, 0x67, 0x65, 0x42, 0x75, 0x63, 0x6b, 0x65, 0x74, 0x52, 0x65, 0x71, 0x75, 0x65,
	0x73, 0x74, 0x1a, 0x21, 0x2e, 0x72, 0x65, 0x73, 0x74, 0x2e, 0x43, 0x72, 0x65, 0x61, 0x74, 0x65,
	0x53, 0x74, 0x6f, 0x72, 0x61, 0x67, 0x65, 0x42, 0x75, 0x63, 0x6b, 0x65, 0x74, 0x52, 0x65, 0x73,
	0x70, 0x6f, 0x6e, 0x73, 0x65, 0x22, 0x27, 0x82, 0xd3, 0xe4, 0x93, 0x02, 0x21, 0x3a, 0x01, 0x2a,
	0x1a, 0x1c, 0x2f, 0x63, 0x6f, 0x6e, 0x66, 0x69, 0x67, 0x2f, 0x62, 0x75, 0x63, 0x6b, 0x65, 0x74,
	0x73, 0x2f, 0x7b, 0x42, 0x75, 0x63, 0x6b, 0x65, 0x74, 0x4e, 0x61, 0x6d, 0x65, 0x7d, 0x12, 0x66,
	0x0a, 0x0d, 0x4c, 0x69, 0x73, 0x74, 0x50, 0x72, 0x6f, 0x63, 0x65, 0x73, 0x73, 0x65, 0x73, 0x12,
	0x1a, 0x2e, 0x72, 0x65, 0x73, 0x74, 0x2e, 0x4c, 0x69, 0x73, 0x74, 0x50, 0x72, 0x6f, 0x63, 0x65,
	0x73, 0x73, 0x65, 0x73, 0x52, 0x65, 0x71, 0x75, 0x65, 0x73, 0x74, 0x1a, 0x1b, 0x2e, 0x72, 0x65,
	0x73, 0x74, 0x2e, 0x4c, 0x69, 0x73, 0x74, 0x50, 0x72, 0x6f, 0x63, 0x65, 0x73, 0x73, 0x65, 0x73,
	0x52, 0x65, 0x73, 0x70, 0x6f, 0x6e, 0x73, 0x65, 0x22, 0x1c, 0x82, 0xd3, 0xe4, 0x93, 0x02, 0x16,
	0x3a, 0x01, 0x2a, 0x22, 0x11, 0x2f, 0x63, 0x6f, 0x6e, 0x66, 0x69, 0x67, 0x2f, 0x70, 0x72, 0x6f,
	0x63, 0x65, 0x73, 0x73, 0x65, 0x73, 0x12, 0x7d, 0x0a, 0x12, 0x4c, 0x69, 0x73, 0x74, 0x45, 0x6e,
	0x63, 0x72, 0x79, 0x70, 0x74, 0x69, 0x6f, 0x6e, 0x4b, 0x65, 0x79, 0x73, 0x12, 0x20, 0x2e, 0x65,
	0x6e, 0x63, 0x72, 0x79, 0x70, 0x74, 0x69, 0x6f, 0x6e, 0x2e, 0x41, 0x64, 0x6d, 0x69, 0x6e, 0x4c,
	0x69, 0x73, 0x74, 0x4b, 0x65, 0x79, 0x73, 0x52, 0x65, 0x71, 0x75, 0x65, 0x73, 0x74, 0x1a, 0x21,
	0x2e, 0x65, 0x6e, 0x63, 0x72, 0x79, 0x70, 0x74, 0x69, 0x6f, 0x6e, 0x2e, 0x41, 0x64, 0x6d, 0x69,
	0x6e, 0x4c, 0x69, 0x73, 0x74, 0x4b, 0x65, 0x79, 0x73, 0x52, 0x65, 0x73, 0x70, 0x6f, 0x6e, 0x73,
	0x65, 0x22, 0x22, 0x82, 0xd3, 0xe4, 0x93, 0x02, 0x1c, 0x3a, 0x01, 0x2a, 0x22, 0x17, 0x2f, 0x63,
	0x6f, 0x6e, 0x66, 0x69, 0x67, 0x2f, 0x65, 0x6e, 0x63, 0x72, 0x79, 0x70, 0x74, 0x69, 0x6f, 0x6e,
	0x2f, 0x6c, 0x69, 0x73, 0x74, 0x12, 0x82, 0x01, 0x0a, 0x13, 0x43, 0x72, 0x65, 0x61, 0x74, 0x65,
	0x45, 0x6e, 0x63, 0x72, 0x79, 0x70, 0x74, 0x69, 0x6f, 0x6e, 0x4b, 0x65, 0x79, 0x12, 0x21, 0x2e,
	0x65, 0x6e, 0x63, 0x72, 0x79, 0x70, 0x74, 0x69, 0x6f, 0x6e, 0x2e, 0x41, 0x64, 0x6d, 0x69, 0x6e,
	0x43, 0x72, 0x65, 0x61, 0x74, 0x65, 0x4b, 0x65, 0x79, 0x52, 0x65, 0x71, 0x75, 0x65, 0x73, 0x74,
	0x1a, 0x22, 0x2e, 0x65, 0x6e, 0x63, 0x72, 0x79, 0x70, 0x74, 0x69, 0x6f, 0x6e, 0x2e, 0x41, 0x64,
	0x6d, 0x69, 0x6e, 0x43, 0x72, 0x65, 0x61, 0x74, 0x65, 0x4b, 0x65, 0x79, 0x52, 0x65, 0x73, 0x70,
	0x6f, 0x6e, 0x73, 0x65, 0x22, 0x24, 0x82, 0xd3, 0xe4, 0x93, 0x02, 0x1e, 0x3a, 0x01, 0x2a, 0x22,
	0x19, 0x2f, 0x63, 0x6f, 0x6e, 0x66, 0x69, 0x67, 0x2f, 0x65, 0x6e, 0x63, 0x72, 0x79, 0x70, 0x74,
	0x69, 0x6f, 0x6e, 0x2f, 0x63, 0x72, 0x65, 0x61, 0x74, 0x65, 0x12, 0x82, 0x01, 0x0a, 0x13, 0x44,
	0x65, 0x6c, 0x65, 0x74, 0x65, 0x45, 0x6e, 0x63, 0x72, 0x79, 0x70, 0x74, 0x69, 0x6f, 0x6e, 0x4b,
	0x65, 0x79, 0x12, 0x21, 0x2e, 0x65, 0x6e, 0x63, 0x72, 0x79, 0x70, 0x74, 0x69, 0x6f, 0x6e, 0x2e,
	0x41, 0x64, 0x6d, 0x69, 0x6e, 0x44, 0x65, 0x6c, 0x65, 0x74, 0x65, 0x4b, 0x65, 0x79, 0x52, 0x65,
	0x71, 0x75, 0x65, 0x73, 0x74, 0x1a, 0x22, 0x2e, 0x65, 0x6e, 0x63, 0x72, 0x79, 0x70, 0x74, 0x69,
	0x6f, 0x6e, 0x2e, 0x41, 0x64, 0x6d, 0x69, 0x6e, 0x44, 0x65, 0x6c, 0x65, 0x74, 0x65, 0x4b, 0x65,
	0x79, 0x52, 0x65, 0x73, 0x70, 0x6f, 0x6e, 0x73, 0x65, 0x22, 0x24, 0x82, 0xd3, 0xe4, 0x93, 0x02,
	0x1e, 0x3a, 0x01, 0x2a, 0x22, 0x19, 0x2f, 0x63, 0x6f, 0x6e, 0x66, 0x69, 0x67, 0x2f, 0x65, 0x6e,
	0x63, 0x72, 0x79, 0x70, 0x74, 0x69, 0x6f, 0x6e, 0x2f, 0x64, 0x65, 0x6c, 0x65, 0x74, 0x65, 0x12,
	0x82, 0x01, 0x0a, 0x13, 0x45, 0x78, 0x70, 0x6f, 0x72, 0x74, 0x45, 0x6e, 0x63, 0x72, 0x79, 0x70,
	0x74, 0x69, 0x6f, 0x6e, 0x4b, 0x65, 0x79, 0x12, 0x21, 0x2e, 0x65, 0x6e, 0x63, 0x72, 0x79, 0x70,
	0x74, 0x69, 0x6f, 0x6e, 0x2e, 0x41, 0x64, 0x6d, 0x69, 0x6e, 0x45, 0x78, 0x70, 0x6f, 0x72, 0x74,
	0x4b, 0x65, 0x79, 0x52, 0x65, 0x71, 0x75, 0x65, 0x73, 0x74, 0x1a, 0x22, 0x2e, 0x65, 0x6e, 0x63,
	0x72, 0x79, 0x70, 0x74, 0x69, 0x6f, 0x6e, 0x2e, 0x41, 0x64, 0x6d, 0x69, 0x6e, 0x45, 0x78, 0x70,
	0x6f, 0x72, 0x74, 0x4b, 0x65, 0x79, 0x52, 0x65, 0x73, 0x70, 0x6f, 0x6e, 0x73, 0x65, 0x22, 0x24,
	0x82, 0xd3, 0xe4, 0x93, 0x02, 0x1e, 0x3a, 0x01, 0x2a, 0x22, 0x19, 0x2f, 0x63, 0x6f, 0x6e, 0x66,
	0x69, 0x67, 0x2f, 0x65, 0x6e, 0x63, 0x72, 0x79, 0x70, 0x74, 0x69, 0x6f, 0x6e, 0x2f, 0x65, 0x78,
	0x70, 0x6f, 0x72, 0x74, 0x12, 0x82, 0x01, 0x0a, 0x13, 0x49, 0x6d, 0x70, 0x6f, 0x72, 0x74, 0x45,
	0x6e, 0x63, 0x72, 0x79, 0x70, 0x74, 0x69, 0x6f, 0x6e, 0x4b, 0x65, 0x79, 0x12, 0x21, 0x2e, 0x65,
	0x6e, 0x63, 0x72, 0x79, 0x70, 0x74, 0x69, 0x6f, 0x6e, 0x2e, 0x41, 0x64, 0x6d, 0x69, 0x6e, 0x49,
	0x6d, 0x70, 0x6f, 0x72, 0x74, 0x4b, 0x65, 0x79, 0x52, 0x65, 0x71, 0x75, 0x65, 0x73, 0x74, 0x1a,
	0x22, 0x2e, 0x65, 0x6e, 0x63, 0x72, 0x79, 0x70, 0x74, 0x69, 0x6f, 0x6e, 0x2e, 0x41, 0x64, 0x6d,
	0x69, 0x6e, 0x49, 0x6d, 0x70, 0x6f, 0x72, 0x74, 0x4b, 0x65, 0x79, 0x52, 0x65, 0x73, 0x70, 0x6f,
	0x6e, 0x73, 0x65, 0x22, 0x24, 0x82, 0xd3, 0xe4, 0x93, 0x02, 0x1e, 0x3a, 0x01, 0x2a, 0x1a, 0x19,
	0x2f, 0x63, 0x6f, 0x6e, 0x66, 0x69, 0x67, 0x2f, 0x65, 0x6e, 0x63, 0x72, 0x79, 0x70, 0x74, 0x69,
	0x6f, 0x6e, 0x2f, 0x69, 0x6d, 0x70, 0x6f, 0x72, 0x74, 0x12, 0x60, 0x0a, 0x12, 0x45, 0x6e, 0x64,
	0x70, 0x6f, 0x69, 0x6e, 0x74, 0x73, 0x44, 0x69, 0x73, 0x63, 0x6f, 0x76, 0x65, 0x72, 0x79, 0x12,
	0x16, 0x2e, 0x72, 0x65, 0x73, 0x74, 0x2e, 0x44, 0x69, 0x73, 0x63, 0x6f, 0x76, 0x65, 0x72, 0x79,
	0x52, 0x65, 0x71, 0x75, 0x65, 0x73, 0x74, 0x1a, 0x17, 0x2e, 0x72, 0x65, 0x73, 0x74, 0x2e, 0x44,
	0x69, 0x73, 0x63, 0x6f, 0x76, 0x65, 0x72, 0x79, 0x52, 0x65, 0x73, 0x70, 0x6f, 0x6e, 0x73, 0x65,
	0x22, 0x19, 0x82, 0xd3, 0xe4, 0x93, 0x02, 0x13, 0x12, 0x11, 0x2f, 0x63, 0x6f, 0x6e, 0x66, 0x69,
	0x67, 0x2f, 0x64, 0x69, 0x73, 0x63, 0x6f, 0x76, 0x65, 0x72, 0x79, 0x12, 0x64, 0x0a, 0x10, 0x4f,
	0x70, 0x65, 0x6e, 0x41, 0x70, 0x69, 0x44, 0x69, 0x73, 0x63, 0x6f, 0x76, 0x65, 0x72, 0x79, 0x12,
	0x16, 0x2e, 0x72, 0x65, 0x73, 0x74, 0x2e, 0x44, 0x69, 0x73, 0x63, 0x6f, 0x76, 0x65, 0x72, 0x79,
	0x52, 0x65, 0x71, 0x75, 0x65, 0x73, 0x74, 0x1a, 0x15, 0x2e, 0x72, 0x65, 0x73, 0x74, 0x2e, 0x4f,
	0x70, 0x65, 0x6e, 0x41, 0x70, 0x69, 0x52, 0x65, 0x73, 0x70, 0x6f, 0x6e, 0x73, 0x65, 0x22, 0x21,
	0x82, 0xd3, 0xe4, 0x93, 0x02, 0x1b, 0x12, 0x19, 0x2f, 0x63, 0x6f, 0x6e, 0x66, 0x69, 0x67, 0x2f,
	0x64, 0x69, 0x73, 0x63, 0x6f, 0x76, 0x65, 0x72, 0x79, 0x2f, 0x6f, 0x70, 0x65, 0x6e, 0x61, 0x70,
	0x69, 0x12, 0x77, 0x0a, 0x14, 0x43, 0x6f, 0x6e, 0x66, 0x69, 0x67, 0x46, 0x6f, 0x72, 0x6d, 0x73,
	0x44, 0x69, 0x73, 0x63, 0x6f, 0x76, 0x65, 0x72, 0x79, 0x12, 0x17, 0x2e, 0x72, 0x65, 0x73, 0x74,
	0x2e, 0x43, 0x6f, 0x6e, 0x66, 0x69, 0x67, 0x46, 0x6f, 0x72, 0x6d, 0x52, 0x65, 0x71, 0x75, 0x65,
	0x73, 0x74, 0x1a, 0x17, 0x2e, 0x72, 0x65, 0x73, 0x74, 0x2e, 0x44, 0x69, 0x73, 0x63, 0x6f, 0x76,
	0x65, 0x72, 0x79, 0x52, 0x65, 0x73, 0x70, 0x6f, 0x6e, 0x73, 0x65, 0x22, 0x2d, 0x82, 0xd3, 0xe4,
	0x93, 0x02, 0x27, 0x12, 0x25, 0x2f, 0x63, 0x6f, 0x6e, 0x66, 0x69, 0x67, 0x2f, 0x64, 0x69, 0x73,
	0x63, 0x6f, 0x76, 0x65, 0x72, 0x79, 0x2f, 0x66, 0x6f, 0x72, 0x6d, 0x73, 0x2f, 0x7b, 0x53, 0x65,
	0x72, 0x76, 0x69, 0x63, 0x65, 0x4e, 0x61, 0x6d, 0x65, 0x7d, 0x12, 0x7d, 0x0a, 0x19, 0x53, 0x63,
	0x68, 0x65, 0x64, 0x75, 0x6c, 0x65, 0x72, 0x41, 0x63, 0x74, 0x69, 0x6f, 0x6e, 0x73, 0x44, 0x69,
	0x73, 0x63, 0x6f, 0x76, 0x65, 0x72, 0x79, 0x12, 0x1d, 0x2e, 0x72, 0x65, 0x73, 0x74, 0x2e, 0x53,
	0x63, 0x68, 0x65, 0x64, 0x75, 0x6c, 0x65, 0x72, 0x41, 0x63, 0x74, 0x69, 0x6f, 0x6e, 0x73, 0x52,
	0x65, 0x71, 0x75, 0x65, 0x73, 0x74, 0x1a, 0x1e, 0x2e, 0x72, 0x65, 0x73, 0x74, 0x2e, 0x53, 0x63,
	0x68, 0x65, 0x64, 0x75, 0x6c, 0x65, 0x72, 0x41, 0x63, 0x74, 0x69, 0x6f, 0x6e, 0x73, 0x52, 0x65,
	0x73, 0x70, 0x6f, 0x6e, 0x73, 0x65, 0x22, 0x21, 0x82, 0xd3, 0xe4, 0x93, 0x02, 0x1b, 0x12, 0x19,
	0x2f, 0x63, 0x6f, 0x6e, 0x66, 0x69, 0x67, 0x2f, 0x73, 0x63, 0x68, 0x65, 0x64, 0x75, 0x6c, 0x65,
	0x72, 0x2f, 0x61, 0x63, 0x74, 0x69, 0x6f, 0x6e, 0x73, 0x12, 0x93, 0x01, 0x0a, 0x1c, 0x53, 0x63,
	0x68, 0x65, 0x64, 0x75, 0x6c, 0x65, 0x72, 0x41, 0x63, 0x74, 0x69, 0x6f, 0x6e, 0x46, 0x6f, 0x72,
	0x6d, 0x44, 0x69, 0x73, 0x63, 0x6f, 0x76, 0x65, 0x72, 0x79, 0x12, 0x20, 0x2e, 0x72, 0x65, 0x73,
	0x74, 0x2e, 0x53, 0x63, 0x68, 0x65, 0x64, 0x75, 0x6c, 0x65, 0x72, 0x41, 0x63, 0x74, 0x69, 0x6f,
	0x6e, 0x46, 0x6f, 0x72, 0x6d, 0x52, 0x65, 0x71, 0x75, 0x65, 0x73, 0x74, 0x1a, 0x21, 0x2e, 0x72,
	0x65, 0x73, 0x74, 0x2e, 0x53, 0x63, 0x68, 0x65, 0x64, 0x75, 0x6c, 0x65, 0x72, 0x41, 0x63, 0x74,
	0x69, 0x6f, 0x6e, 0x46, 0x6f, 0x72, 0x6d, 0x52, 0x65, 0x73, 0x70, 0x6f, 0x6e, 0x73, 0x65, 0x22,
	0x2e, 0x82, 0xd3, 0xe4, 0x93, 0x02, 0x28, 0x12, 0x26, 0x2f, 0x63, 0x6f, 0x6e, 0x66, 0x69, 0x67,
	0x2f, 0x73, 0x63, 0x68, 0x65, 0x64, 0x75, 0x6c, 0x65, 0x72, 0x2f, 0x61, 0x63, 0x74, 0x69, 0x6f,
	0x6e, 0x73, 0x2f, 0x7b, 0x41, 0x63, 0x74, 0x69, 0x6f, 0x6e, 0x4e, 0x61, 0x6d, 0x65, 0x7d, 0x12,
	0x5c, 0x0a, 0x09, 0x4c, 0x69, 0x73, 0x74, 0x53, 0x69, 0x74, 0x65, 0x73, 0x12, 0x16, 0x2e, 0x72,
	0x65, 0x73, 0x74, 0x2e, 0x4c, 0x69, 0x73, 0x74, 0x53, 0x69, 0x74, 0x65, 0x73, 0x52, 0x65, 0x71,
	0x75, 0x65, 0x73, 0x74, 0x1a, 0x17, 0x2e, 0x72, 0x65, 0x73, 0x74, 0x2e, 0x4c, 0x69, 0x73, 0x74,
	0x53, 0x69, 0x74, 0x65, 0x73, 0x52, 0x65, 0x73, 0x70, 0x6f, 0x6e, 0x73, 0x65, 0x22, 0x1e, 0x82,
	0xd3, 0xe4, 0x93, 0x02, 0x18, 0x12, 0x16, 0x2f, 0x63, 0x6f, 0x6e, 0x66, 0x69, 0x67, 0x2f, 0x73,
	0x69, 0x74, 0x65, 0x73, 0x2f, 0x7b, 0x46, 0x69, 0x6c, 0x74, 0x65, 0x72, 0x7d, 0x32, 0x89, 0x02,
	0x0a, 0x0b, 0x52, 0x6f, 0x6c, 0x65, 0x53, 0x65, 0x72, 0x76, 0x69, 0x63, 0x65, 0x12, 0x38, 0x0a,
	0x07, 0x53, 0x65, 0x74, 0x52, 0x6f, 0x6c, 0x65, 0x12, 0x09, 0x2e, 0x69, 0x64, 0x6d, 0x2e, 0x52,
	0x6f, 0x6c, 0x65, 0x1a, 0x09, 0x2e, 0x69, 0x64, 0x6d, 0x2e, 0x52, 0x6f, 0x6c, 0x65, 0x22, 0x17,
	0x82, 0xd3, 0xe4, 0x93, 0x02, 0x11, 0x3a, 0x01, 0x2a, 0x1a, 0x0c, 0x2f, 0x72, 0x6f, 0x6c, 0x65,
	0x2f, 0x7b, 0x55, 0x75, 0x69, 0x64, 0x7d, 0x12, 0x38, 0x0a, 0x0a, 0x44, 0x65, 0x6c, 0x65, 0x74,
	0x65, 0x52, 0x6f, 0x6c, 0x65, 0x12, 0x09, 0x2e, 0x69, 0x64, 0x6d, 0x2e, 0x52, 0x6f, 0x6c, 0x65,
	0x1a, 0x09, 0x2e, 0x69, 0x64, 0x6d, 0x2e, 0x52, 0x6f, 0x6c, 0x65, 0x22, 0x14, 0x82, 0xd3, 0xe4,
	0x93, 0x02, 0x0e, 0x2a, 0x0c, 0x2f, 0x72, 0x6f, 0x6c, 0x65, 0x2f, 0x7b, 0x55, 0x75, 0x69, 0x64,
	0x7d, 0x12, 0x35, 0x0a, 0x07, 0x47, 0x65, 0x74, 0x52, 0x6f, 0x6c, 0x65, 0x12, 0x09, 0x2e, 0x69,
	0x64, 0x6d, 0x2e, 0x52, 0x6f, 0x6c, 0x65, 0x1a, 0x09, 0x2e, 0x69, 0x64, 0x6d, 0x2e, 0x52, 0x6f,
	0x6c, 0x65, 0x22, 0x14, 0x82, 0xd3, 0xe4, 0x93, 0x02, 0x0e, 0x12, 0x0c, 0x2f, 0x72, 0x6f, 0x6c,
	0x65, 0x2f, 0x7b, 0x55, 0x75, 0x69, 0x64, 0x7d, 0x12, 0x4f, 0x0a, 0x0b, 0x53, 0x65, 0x61, 0x72,
	0x63, 0x68, 0x52, 0x6f, 0x6c, 0x65, 0x73, 0x12, 0x17, 0x2e, 0x72, 0x65, 0x73, 0x74, 0x2e, 0x53,
	0x65, 0x61, 0x72, 0x63, 0x68, 0x52, 0x6f, 0x6c, 0x65, 0x52, 0x65, 0x71, 0x75, 0x65, 0x73, 0x74,
	0x1a, 0x15, 0x2e, 0x72, 0x65, 0x73, 0x74, 0x2e, 0x52, 0x6f, 0x6c, 0x65, 0x73, 0x43, 0x6f, 0x6c,
	0x6c, 0x65, 0x63, 0x74, 0x69, 0x6f, 0x6e, 0x22, 0x10, 0x82, 0xd3, 0xe4, 0x93, 0x02, 0x0a, 0x3a,
	0x01, 0x2a, 0x22, 0x05, 0x2f, 0x72, 0x6f, 0x6c, 0x65, 0x32, 0xd9, 0x02, 0x0a, 0x0b, 0x55, 0x73,
	0x65, 0x72, 0x53, 0x65, 0x72, 0x76, 0x69, 0x63, 0x65, 0x12, 0x39, 0x0a, 0x07, 0x50, 0x75, 0x74,
	0x55, 0x73, 0x65, 0x72, 0x12, 0x09, 0x2e, 0x69, 0x64, 0x6d, 0x2e, 0x55, 0x73, 0x65, 0x72, 0x1a,
	0x09, 0x2e, 0x69, 0x64, 0x6d, 0x2e, 0x55, 0x73, 0x65, 0x72, 0x22, 0x18, 0x82, 0xd3, 0xe4, 0x93,
	0x02, 0x12, 0x3a, 0x01, 0x2a, 0x1a, 0x0d, 0x2f, 0x75, 0x73, 0x65, 0x72, 0x2f, 0x7b, 0x4c, 0x6f,
	0x67, 0x69, 0x6e, 0x7d, 0x12, 0x44, 0x0a, 0x0a, 0x44, 0x65, 0x6c, 0x65, 0x74, 0x65, 0x55, 0x73,
	0x65, 0x72, 0x12, 0x09, 0x2e, 0x69, 0x64, 0x6d, 0x2e, 0x55, 0x73, 0x65, 0x72, 0x1a, 0x14, 0x2e,
	0x72, 0x65, 0x73, 0x74, 0x2e, 0x44, 0x65, 0x6c, 0x65, 0x74, 0x65, 0x52, 0x65, 0x73, 0x70, 0x6f,
	0x6e, 0x73, 0x65, 0x22, 0x15, 0x82, 0xd3, 0xe4, 0x93, 0x02, 0x0f, 0x2a, 0x0d, 0x2f, 0x75, 0x73,
	0x65, 0x72, 0x2f, 0x7b, 0x4c, 0x6f, 0x67, 0x69, 0x6e, 0x7d, 0x12, 0x36, 0x0a, 0x07, 0x47, 0x65,
	0x74, 0x55, 0x73, 0x65, 0x72, 0x12, 0x09, 0x2e, 0x69, 0x64, 0x6d, 0x2e, 0x55, 0x73, 0x65, 0x72,
	0x1a, 0x09, 0x2e, 0x69, 0x64, 0x6d, 0x2e, 0x55, 0x73, 0x65, 0x72, 0x22, 0x15, 0x82, 0xd3, 0xe4,
	0x93, 0x02, 0x0f, 0x12, 0x0d, 0x2f, 0x75, 0x73, 0x65, 0x72, 0x2f, 0x7b, 0x4c, 0x6f, 0x67, 0x69,
	0x6e, 0x7d, 0x12, 0x4f, 0x0a, 0x0b, 0x53, 0x65, 0x61, 0x72, 0x63, 0x68, 0x55, 0x73, 0x65, 0x72,
	0x73, 0x12, 0x17, 0x2e, 0x72, 0x65, 0x73, 0x74, 0x2e, 0x53, 0x65, 0x61, 0x72, 0x63, 0x68, 0x55,
	0x73, 0x65, 0x72, 0x52, 0x65, 0x71, 0x75, 0x65, 0x73, 0x74, 0x1a, 0x15, 0x2e, 0x72, 0x65, 0x73,
	0x74, 0x2e, 0x55, 0x73, 0x65, 0x72, 0x73, 0x43, 0x6f, 0x6c, 0x6c, 0x65, 0x63, 0x74, 0x69, 0x6f,
	0x6e, 0x22, 0x10, 0x82, 0xd3, 0xe4, 0x93, 0x02, 0x0a, 0x3a, 0x01, 0x2a, 0x22, 0x05, 0x2f, 0x75,
	0x73, 0x65, 0x72, 0x12, 0x40, 0x0a, 0x08, 0x50, 0x75, 0x74, 0x52, 0x6f, 0x6c, 0x65, 0x73, 0x12,
	0x09, 0x2e, 0x69, 0x64, 0x6d, 0x2e, 0x55, 0x73, 0x65, 0x72, 0x1a, 0x09, 0x2e, 0x69, 0x64, 0x6d,
	0x2e, 0x55, 0x73, 0x65, 0x72, 0x22, 0x1e, 0x82, 0xd3, 0xe4, 0x93, 0x02, 0x18, 0x3a, 0x01, 0x2a,
	0x1a, 0x13, 0x2f, 0x75, 0x73, 0x65, 0x72, 0x2f, 0x72, 0x6f, 0x6c, 0x65, 0x73, 0x2f, 0x7b, 0x4c,
	0x6f, 0x67, 0x69, 0x6e, 0x7d, 0x32, 0xd1, 0x01, 0x0a, 0x0a, 0x41, 0x43, 0x4c, 0x53, 0x65, 0x72,
	0x76, 0x69, 0x63, 0x65, 0x12, 0x2d, 0x0a, 0x06, 0x50, 0x75, 0x74, 0x41, 0x63, 0x6c, 0x12, 0x08,
	0x2e, 0x69, 0x64, 0x6d, 0x2e, 0x41, 0x43, 0x4c, 0x1a, 0x08, 0x2e, 0x69, 0x64, 0x6d, 0x2e, 0x41,
	0x43, 0x4c, 0x22, 0x0f, 0x82, 0xd3, 0xe4, 0x93, 0x02, 0x09, 0x3a, 0x01, 0x2a, 0x1a, 0x04, 0x2f,
	0x61, 0x63, 0x6c, 0x12, 0x48, 0x0a, 0x09, 0x44, 0x65, 0x6c, 0x65, 0x74, 0x65, 0x41, 0x63, 0x6c,
	0x12, 0x08, 0x2e, 0x69, 0x64, 0x6d, 0x2e, 0x41, 0x43, 0x4c, 0x1a, 0x14, 0x2e, 0x72, 0x65, 0x73,
	0x74, 0x2e, 0x44, 0x65, 0x6c, 0x65, 0x74, 0x65, 0x52, 0x65, 0x73, 0x70, 0x6f, 0x6e, 0x73, 0x65,
	0x22, 0x1b, 0x82, 0xd3, 0xe4, 0x93, 0x02, 0x15, 0x3a, 0x01, 0x2a, 0x22, 0x10, 0x2f, 0x61, 0x63,
	0x6c, 0x2f, 0x62, 0x75, 0x6c, 0x6b, 0x2f, 0x64, 0x65, 0x6c, 0x65, 0x74, 0x65, 0x12, 0x4a, 0x0a,
	0x0a, 0x53, 0x65, 0x61, 0x72, 0x63, 0x68, 0x41, 0x63, 0x6c, 0x73, 0x12, 0x16, 0x2e, 0x72, 0x65,
	0x73, 0x74, 0x2e, 0x53, 0x65, 0x61, 0x72, 0x63, 0x68, 0x41, 0x43, 0x4c, 0x52, 0x65, 0x71, 0x75,
	0x65, 0x73, 0x74, 0x1a, 0x13, 0x2e, 0x72, 0x65, 0x73, 0x74, 0x2e, 0x41, 0x43, 0x4c, 0x43, 0x6f,
	0x6c, 0x6c, 0x65, 0x63, 0x74, 0x69, 0x6f, 0x6e, 0x22, 0x0f, 0x82, 0xd3, 0xe4, 0x93, 0x02, 0x09,
	0x3a, 0x01, 0x2a, 0x22, 0x04, 0x2f, 0x61, 0x63, 0x6c, 0x32, 0x70, 0x0a, 0x0d, 0x50, 0x6f, 0x6c,
	0x69, 0x63, 0x79, 0x53, 0x65, 0x72, 0x76, 0x69, 0x63, 0x65, 0x12, 0x5f, 0x0a, 0x0c, 0x4c, 0x69,
	0x73, 0x74, 0x50, 0x6f, 0x6c, 0x69, 0x63, 0x69, 0x65, 0x73, 0x12, 0x1c, 0x2e, 0x69, 0x64, 0x6d,
	0x2e, 0x4c, 0x69, 0x73, 0x74, 0x50, 0x6f, 0x6c, 0x69, 0x63, 0x79, 0x47, 0x72, 0x6f, 0x75, 0x70,
	0x73, 0x52, 0x65, 0x71, 0x75, 0x65, 0x73, 0x74, 0x1a, 0x1d, 0x2e, 0x69, 0x64, 0x6d, 0x2e, 0x4c,
	0x69, 0x73, 0x74, 0x50, 0x6f, 0x6c, 0x69, 0x63, 0x79, 0x47, 0x72, 0x6f, 0x75, 0x70, 0x73, 0x52,
	0x65, 0x73, 0x70, 0x6f, 0x6e, 0x73, 0x65, 0x22, 0x12, 0x82, 0xd3, 0xe4, 0x93, 0x02, 0x0c, 0x3a,
	0x01, 0x2a, 0x22, 0x07, 0x2f, 0x70, 0x6f, 0x6c, 0x69, 0x63, 0x79, 0x32, 0xa6, 0x02, 0x0a, 0x10,
	0x57, 0x6f, 0x72, 0x6b, 0x73, 0x70, 0x61, 0x63, 0x65, 0x53, 0x65, 0x72, 0x76, 0x69, 0x63, 0x65,
	0x12, 0x4c, 0x0a, 0x0c, 0x50, 0x75, 0x74, 0x57, 0x6f, 0x72, 0x6b, 0x73, 0x70, 0x61, 0x63, 0x65,
	0x12, 0x0e, 0x2e, 0x69, 0x64, 0x6d, 0x2e, 0x57, 0x6f, 0x72, 0x6b, 0x73, 0x70, 0x61, 0x63, 0x65,
	0x1a, 0x0e, 0x2e, 0x69, 0x64, 0x6d, 0x2e, 0x57, 0x6f, 0x72, 0x6b, 0x73, 0x70, 0x61, 0x63, 0x65,
	0x22, 0x1c, 0x82, 0xd3, 0xe4, 0x93, 0x02, 0x16, 0x3a, 0x01, 0x2a, 0x1a, 0x11, 0x2f, 0x77, 0x6f,
	0x72, 0x6b, 0x73, 0x70, 0x61, 0x63, 0x65, 0x2f, 0x7b, 0x53, 0x6c, 0x75, 0x67, 0x7d, 0x12, 0x60,
	0x0a, 0x0f, 0x44, 0x65, 0x6c, 0x65, 0x74, 0x65, 0x57, 0x6f, 0x72, 0x6b, 0x73, 0x70, 0x61, 0x63,
	0x65, 0x12, 0x1c, 0x2e, 0x72, 0x65, 0x73, 0x74, 0x2e, 0x44, 0x65, 0x6c, 0x65, 0x74, 0x65, 0x57,
	0x6f, 0x72, 0x6b, 0x73, 0x70, 0x61, 0x63, 0x65, 0x52, 0x65, 0x71, 0x75, 0x65, 0x73, 0x74, 0x1a,
	0x14, 0x2e, 0x72, 0x65, 0x73, 0x74, 0x2e, 0x44, 0x65, 0x6c, 0x65, 0x74, 0x65, 0x52, 0x65, 0x73,
	0x70, 0x6f, 0x6e, 0x73, 0x65, 0x22, 0x19, 0x82, 0xd3, 0xe4, 0x93, 0x02, 0x13, 0x2a, 0x11, 0x2f,
	0x77, 0x6f, 0x72, 0x6b, 0x73, 0x70, 0x61, 0x63, 0x65, 0x2f, 0x7b, 0x53, 0x6c, 0x75, 0x67, 0x7d,
	0x12, 0x62, 0x0a, 0x10, 0x53, 0x65, 0x61, 0x72, 0x63, 0x68, 0x57, 0x6f, 0x72, 0x6b, 0x73, 0x70,
	0x61, 0x63, 0x65, 0x73, 0x12, 0x1c, 0x2e, 0x72, 0x65, 0x73, 0x74, 0x2e, 0x53, 0x65, 0x61, 0x72,
	0x63, 0x68, 0x57, 0x6f, 0x72, 0x6b, 0x73, 0x70, 0x61, 0x63, 0x65, 0x52, 0x65, 0x71, 0x75, 0x65,
	0x73, 0x74, 0x1a, 0x19, 0x2e, 0x72, 0x65, 0x73, 0x74, 0x2e, 0x57, 0x6f, 0x72, 0x6b, 0x73, 0x70,
	0x61, 0x63, 0x65, 0x43, 0x6f, 0x6c, 0x6c, 0x65, 0x63, 0x74, 0x69, 0x6f, 0x6e, 0x22, 0x15, 0x82,
	0xd3, 0xe4, 0x93, 0x02, 0x0f, 0x3a, 0x01, 0x2a, 0x22, 0x0a, 0x2f, 0x77, 0x6f, 0x72, 0x6b, 0x73,
	0x70, 0x61, 0x63, 0x65, 0x32, 0xca, 0x02, 0x0a, 0x0f, 0x41, 0x63, 0x74, 0x69, 0x76, 0x69, 0x74,
	0x79, 0x53, 0x65, 0x72, 0x76, 0x69, 0x63, 0x65, 0x12, 0x5a, 0x0a, 0x06, 0x53, 0x74, 0x72, 0x65,
	0x61, 0x6d, 0x12, 0x21, 0x2e, 0x61, 0x63, 0x74, 0x69, 0x76, 0x69, 0x74, 0x79, 0x2e, 0x53, 0x74,
	0x72, 0x65, 0x61, 0x6d, 0x41, 0x63, 0x74, 0x69, 0x76, 0x69, 0x74, 0x69, 0x65, 0x73, 0x52, 0x65,
	0x71, 0x75, 0x65, 0x73, 0x74, 0x1a, 0x10, 0x2e, 0x61, 0x63, 0x74, 0x69, 0x76, 0x69, 0x74, 0x79,
	0x2e, 0x4f, 0x62, 0x6a, 0x65, 0x63, 0x74, 0x22, 0x1b, 0x82, 0xd3, 0xe4, 0x93, 0x02, 0x15, 0x3a,
	0x01, 0x2a, 0x22, 0x10, 0x2f, 0x61, 0x63, 0x74, 0x69, 0x76, 0x69, 0x74, 0x79, 0x2f, 0x73, 0x74,
	0x72, 0x65, 0x61, 0x6d, 0x12, 0x5b, 0x0a, 0x09, 0x53, 0x75, 0x62, 0x73, 0x63, 0x72, 0x69, 0x62,
	0x65, 0x12, 0x16, 0x2e, 0x61, 0x63, 0x74, 0x69, 0x76, 0x69, 0x74, 0x79, 0x2e, 0x53, 0x75, 0x62,
	0x73, 0x63, 0x72, 0x69, 0x70, 0x74, 0x69, 0x6f, 0x6e, 0x1a, 0x16, 0x2e, 0x61, 0x63, 0x74, 0x69,
	0x76, 0x69, 0x74, 0x79, 0x2e, 0x53, 0x75, 0x62, 0x73, 0x63, 0x72, 0x69, 0x70, 0x74, 0x69, 0x6f,
	0x6e, 0x22, 0x1e, 0x82, 0xd3, 0xe4, 0x93, 0x02, 0x18, 0x3a, 0x01, 0x2a, 0x22, 0x13, 0x2f, 0x61,
	0x63, 0x74, 0x69, 0x76, 0x69, 0x74, 0x79, 0x2f, 0x73, 0x75, 0x62, 0x73, 0x63, 0x72, 0x69, 0x62,
	0x65, 0x12, 0x7e, 0x0a, 0x13, 0x53, 0x65, 0x61, 0x72, 0x63, 0x68, 0x53, 0x75, 0x62, 0x73, 0x63,
	0x72, 0x69, 0x70, 0x74, 0x69, 0x6f, 0x6e, 0x73, 0x12, 0x24, 0x2e, 0x61, 0x63, 0x74, 0x69, 0x76,
	0x69, 0x74, 0x79, 0x2e, 0x53, 0x65, 0x61, 0x72, 0x63, 0x68, 0x53, 0x75, 0x62, 0x73, 0x63, 0x72,
	0x69, 0x70, 0x74, 0x69, 0x6f, 0x6e, 0x73, 0x52, 0x65, 0x71, 0x75, 0x65, 0x73, 0x74, 0x1a, 0x1d,
	0x2e, 0x72, 0x65, 0x73, 0x74, 0x2e, 0x53, 0x75, 0x62, 0x73, 0x63, 0x72, 0x69, 0x70, 0x74, 0x69,
	0x6f, 0x6e, 0x73, 0x43, 0x6f, 0x6c, 0x6c, 0x65, 0x63, 0x74, 0x69, 0x6f, 0x6e, 0x22, 0x22, 0x82,
	0xd3, 0xe4, 0x93, 0x02, 0x1c, 0x3a, 0x01, 0x2a, 0x22, 0x17, 0x2f, 0x61, 0x63, 0x74, 0x69, 0x76,
	0x69, 0x74, 0x79, 0x2f, 0x73, 0x75, 0x62, 0x73, 0x63, 0x72, 0x69, 0x70, 0x74, 0x69, 0x6f, 0x6e,
	0x73, 0x32, 0x5c, 0x0a, 0x0a, 0x4c, 0x6f, 0x67, 0x53, 0x65, 0x72, 0x76, 0x69, 0x63, 0x65, 0x12,
	0x4e, 0x0a, 0x06, 0x53, 0x79, 0x73, 0x6c, 0x6f, 0x67, 0x12, 0x13, 0x2e, 0x6c, 0x6f, 0x67, 0x2e,
	0x4c, 0x69, 0x73, 0x74, 0x4c, 0x6f, 0x67, 0x52, 0x65, 0x71, 0x75, 0x65, 0x73, 0x74, 0x1a, 0x1a,
	0x2e, 0x72, 0x65, 0x73, 0x74, 0x2e, 0x4c, 0x6f, 0x67, 0x4d, 0x65, 0x73, 0x73, 0x61, 0x67, 0x65,
	0x43, 0x6f, 0x6c, 0x6c, 0x65, 0x63, 0x74, 0x69, 0x6f, 0x6e, 0x22, 0x13, 0x82, 0xd3, 0xe4, 0x93,
	0x02, 0x0d, 0x3a, 0x01, 0x2a, 0x22, 0x08, 0x2f, 0x6c, 0x6f, 0x67, 0x2f, 0x73, 0x79, 0x73, 0x32,
	0xe0, 0x03, 0x0a, 0x0c, 0x54, 0x6f, 0x6b, 0x65, 0x6e, 0x53, 0x65, 0x72, 0x76, 0x69, 0x63, 0x65,
	0x12, 0x52, 0x0a, 0x06, 0x52, 0x65, 0x76, 0x6f, 0x6b, 0x65, 0x12, 0x13, 0x2e, 0x72, 0x65, 0x73,
	0x74, 0x2e, 0x52, 0x65, 0x76, 0x6f, 0x6b, 0x65, 0x52, 0x65, 0x71, 0x75, 0x65, 0x73, 0x74, 0x1a,
	0x14, 0x2e, 0x72, 0x65, 0x73, 0x74, 0x2e, 0x52, 0x65, 0x76, 0x6f, 0x6b, 0x65, 0x52, 0x65, 0x73,
	0x70, 0x6f, 0x6e, 0x73, 0x65, 0x22, 0x1d, 0x82, 0xd3, 0xe4, 0x93, 0x02, 0x17, 0x3a, 0x01, 0x2a,
	0x22, 0x12, 0x2f, 0x61, 0x75, 0x74, 0x68, 0x2f, 0x74, 0x6f, 0x6b, 0x65, 0x6e, 0x2f, 0x72, 0x65,
	0x76, 0x6f, 0x6b, 0x65, 0x12, 0x8a, 0x01, 0x0a, 0x12, 0x52, 0x65, 0x73, 0x65, 0x74, 0x50, 0x61,
	0x73, 0x73, 0x77, 0x6f, 0x72, 0x64, 0x54, 0x6f, 0x6b, 0x65, 0x6e, 0x12, 0x1f, 0x2e, 0x72, 0x65,
	0x73, 0x74, 0x2e, 0x52, 0x65, 0x73, 0x65, 0x74, 0x50, 0x61, 0x73, 0x73, 0x77, 0x6f, 0x72, 0x64,
	0x54, 0x6f, 0x6b, 0x65, 0x6e, 0x52, 0x65, 0x71, 0x75, 0x65, 0x73, 0x74, 0x1a, 0x20, 0x2e, 0x72,
	0x65, 0x73, 0x74, 0x2e, 0x52, 0x65, 0x73, 0x65, 0x74, 0x50, 0x61, 0x73, 0x73, 0x77, 0x6f, 0x72,
	0x64, 0x54, 0x6f, 0x6b, 0x65, 0x6e, 0x52, 0x65, 0x73, 0x70, 0x6f, 0x6e, 0x73, 0x65, 0x22, 0x31,
	0x82, 0xd3, 0xe4, 0x93, 0x02, 0x2b, 0x3a, 0x01, 0x2a, 0x1a, 0x26, 0x2f, 0x61, 0x75, 0x74, 0x68,
	0x2f, 0x72, 0x65, 0x73, 0x65, 0x74, 0x2d, 0x70, 0x61, 0x73, 0x73, 0x77, 0x6f, 0x72, 0x64, 0x2d,
	0x74, 0x6f, 0x6b, 0x65, 0x6e, 0x2f, 0x7b, 0x55, 0x73, 0x65, 0x72, 0x4c, 0x6f, 0x67, 0x69, 0x6e,
	0x7d, 0x12, 0x69, 0x0a, 0x0d, 0x52, 0x65, 0x73, 0x65, 0x74, 0x50, 0x61, 0x73, 0x73, 0x77, 0x6f,
	0x72, 0x64, 0x12, 0x1a, 0x2e, 0x72, 0x65, 0x73, 0x74, 0x2e, 0x52, 0x65, 0x73, 0x65, 0x74, 0x50,
	0x61, 0x73, 0x73, 0x77, 0x6f, 0x72, 0x64, 0x52, 0x65, 0x71, 0x75, 0x65, 0x73, 0x74, 0x1a, 0x1b,
	0x2e, 0x72, 0x65, 0x73, 0x74, 0x2e, 0x52, 0x65, 0x73, 0x65, 0x74, 0x50, 0x61, 0x73, 0x73, 0x77,
	0x6f, 0x72, 0x64, 0x52, 0x65, 0x73, 0x70, 0x6f, 0x6e, 0x73, 0x65, 0x22, 0x1f, 0x82, 0xd3, 0xe4,
	0x93, 0x02, 0x19, 0x3a, 0x01, 0x2a, 0x22, 0x14, 0x2f, 0x61, 0x75, 0x74, 0x68, 0x2f, 0x72, 0x65,
	0x73, 0x65, 0x74, 0x2d, 0x70, 0x61, 0x73, 0x73, 0x77, 0x6f, 0x72, 0x64, 0x12, 0x83, 0x01, 0x0a,
	0x1b, 0x47, 0x65, 0x6e, 0x65, 0x72, 0x61, 0x74, 0x65, 0x44, 0x6f, 0x63, 0x75, 0x6d, 0x65, 0x6e,
	0x74, 0x41, 0x63, 0x63, 0x65, 0x73, 0x73, 0x54, 0x6f, 0x6b, 0x65, 0x6e, 0x12, 0x20, 0x2e, 0x72,
	0x65, 0x73, 0x74, 0x2e, 0x44, 0x6f, 0x63, 0x75, 0x6d, 0x65, 0x6e, 0x74, 0x41, 0x63, 0x63, 0x65,
	0x73, 0x73, 0x54, 0x6f, 0x6b, 0x65, 0x6e, 0x52, 0x65, 0x71, 0x75, 0x65, 0x73, 0x74, 0x1a, 0x21,
	0x2e, 0x72, 0x65, 0x73, 0x74, 0x2e, 0x44, 0x6f, 0x63, 0x75, 0x6d, 0x65, 0x6e, 0x74, 0x41, 0x63,
	0x63, 0x65, 0x73, 0x73, 0x54, 0x6f, 0x6b, 0x65, 0x6e, 0x52, 0x65, 0x73, 0x70, 0x6f, 0x6e, 0x73,
	0x65, 0x22, 0x1f, 0x82, 0xd3, 0xe4, 0x93, 0x02, 0x19, 0x3a, 0x01, 0x2a, 0x22, 0x14, 0x2f, 0x61,
	0x75, 0x74, 0x68, 0x2f, 0x74, 0x6f, 0x6b, 0x65, 0x6e, 0x2f, 0x64, 0x6f, 0x63, 0x75, 0x6d, 0x65,
	0x6e, 0x74, 0x32, 0x58, 0x0a, 0x0d, 0x4d, 0x61, 0x69, 0x6c, 0x65, 0x72, 0x53, 0x65, 0x72, 0x76,
	0x69, 0x63, 0x65, 0x12, 0x47, 0x0a, 0x04, 0x53, 0x65, 0x6e, 0x64, 0x12, 0x0c, 0x2e, 0x6d, 0x61,
	0x69, 0x6c, 0x65, 0x72, 0x2e, 0x4d, 0x61, 0x69, 0x6c, 0x1a, 0x18, 0x2e, 0x6d, 0x61, 0x69, 0x6c,
	0x65, 0x72, 0x2e, 0x53, 0x65, 0x6e, 0x64, 0x4d, 0x61, 0x69, 0x6c, 0x52, 0x65, 0x73, 0x70, 0x6f,
	0x6e, 0x73, 0x65, 0x22, 0x17, 0x82, 0xd3, 0xe4, 0x93, 0x02, 0x11, 0x3a, 0x01, 0x2a, 0x22, 0x0c,
	0x2f, 0x6d, 0x61, 0x69, 0x6c, 0x65, 0x72, 0x2f, 0x73, 0x65, 0x6e, 0x64, 0x32, 0x5c, 0x0a, 0x0d,
	0x53, 0x65, 0x61, 0x72, 0x63, 0x68, 0x53, 0x65, 0x72, 0x76, 0x69, 0x63, 0x65, 0x12, 0x4b, 0x0a,
	0x05, 0x4e, 0x6f, 0x64, 0x65, 0x73, 0x12, 0x13, 0x2e, 0x74, 0x72, 0x65, 0x65, 0x2e, 0x53, 0x65,
	0x61, 0x72, 0x63, 0x68, 0x52, 0x65, 0x71, 0x75, 0x65, 0x73, 0x74, 0x1a, 0x13, 0x2e, 0x72, 0x65,
	0x73, 0x74, 0x2e, 0x53, 0x65, 0x61, 0x72, 0x63, 0x68, 0x52, 0x65, 0x73, 0x75, 0x6c, 0x74, 0x73,
	0x22, 0x18, 0x82, 0xd3, 0xe4, 0x93, 0x02, 0x12, 0x3a, 0x01, 0x2a, 0x22, 0x0d, 0x2f, 0x73, 0x65,
	0x61, 0x72, 0x63, 0x68, 0x2f, 0x6e, 0x6f, 0x64, 0x65, 0x73, 0x32, 0xc1, 0x04, 0x0a, 0x0b, 0x54,
	0x72, 0x65, 0x65, 0x53, 0x65, 0x72, 0x76, 0x69, 0x63, 0x65, 0x12, 0x59, 0x0a, 0x0d, 0x42, 0x75,
	0x6c, 0x6b, 0x53, 0x74, 0x61, 0x74, 0x4e, 0x6f, 0x64, 0x65, 0x73, 0x12, 0x18, 0x2e, 0x72, 0x65,
	0x73, 0x74, 0x2e, 0x47, 0x65, 0x74, 0x42, 0x75, 0x6c, 0x6b, 0x4d, 0x65, 0x74, 0x61, 0x52, 0x65,
	0x71, 0x75, 0x65, 0x73, 0x74, 0x1a, 0x16, 0x2e, 0x72, 0x65, 0x73, 0x74, 0x2e, 0x42, 0x75, 0x6c,
	0x6b, 0x4d, 0x65, 0x74, 0x61, 0x52, 0x65, 0x73, 0x70, 0x6f, 0x6e, 0x73, 0x65, 0x22, 0x16, 0x82,
	0xd3, 0xe4, 0x93, 0x02, 0x10, 0x3a, 0x01, 0x2a, 0x22, 0x0b, 0x2f, 0x74, 0x72, 0x65, 0x65, 0x2f,
	0x73, 0x74, 0x61, 0x74, 0x73, 0x12, 0x57, 0x0a, 0x0b, 0x43, 0x72, 0x65, 0x61, 0x74, 0x65, 0x4e,
	0x6f, 0x64, 0x65, 0x73, 0x12, 0x18, 0x2e, 0x72, 0x65, 0x73, 0x74, 0x2e, 0x43, 0x72, 0x65, 0x61,
	0x74, 0x65, 0x4e, 0x6f, 0x64, 0x65, 0x73, 0x52, 0x65, 0x71, 0x75, 0x65, 0x73, 0x74, 0x1a, 0x15,
	0x2e, 0x72, 0x65, 0x73, 0x74, 0x2e, 0x4e, 0x6f, 0x64, 0x65, 0x73, 0x43, 0x6f, 0x6c, 0x6c, 0x65,
	0x63, 0x74, 0x69, 0x6f, 0x6e, 0x22, 0x17, 0x82, 0xd3, 0xe4, 0x93, 0x02, 0x11, 0x3a, 0x01, 0x2a,
	0x22, 0x0c, 0x2f, 0x74, 0x72, 0x65, 0x65, 0x2f, 0x63, 0x72, 0x65, 0x61, 0x74, 0x65, 0x12, 0x54,
	0x0a, 0x08, 0x48, 0x65, 0x61, 0x64, 0x4e, 0x6f, 0x64, 0x65, 0x12, 0x15, 0x2e, 0x72, 0x65, 0x73,
	0x74, 0x2e, 0x48, 0x65, 0x61, 0x64, 0x4e, 0x6f, 0x64, 0x65, 0x52, 0x65, 0x71, 0x75, 0x65, 0x73,
	0x74, 0x1a, 0x16, 0x2e, 0x72, 0x65, 0x73, 0x74, 0x2e, 0x48, 0x65, 0x61, 0x64, 0x4e, 0x6f, 0x64,
	0x65, 0x52, 0x65, 0x73, 0x70, 0x6f, 0x6e, 0x73, 0x65, 0x22, 0x19, 0x82, 0xd3, 0xe4, 0x93, 0x02,
	0x13, 0x12, 0x11, 0x2f, 0x74, 0x72, 0x65, 0x65, 0x2f, 0x73, 0x74, 0x61, 0x74, 0x2f, 0x7b, 0x4e,
	0x6f, 0x64, 0x65, 0x7d, 0x12, 0x5b, 0x0a, 0x0b, 0x44, 0x65, 0x6c, 0x65, 0x74, 0x65, 0x4e, 0x6f,
	0x64, 0x65, 0x73, 0x12, 0x18, 0x2e, 0x72, 0x65, 0x73, 0x74, 0x2e, 0x44, 0x65, 0x6c, 0x65, 0x74,
	0x65, 0x4e, 0x6f, 0x64, 0x65, 0x73, 0x52, 0x65, 0x71, 0x75, 0x65, 0x73, 0x74, 0x1a, 0x19, 0x2e,
	0x72, 0x65, 0x73, 0x74, 0x2e, 0x44, 0x65, 0x6c, 0x65, 0x74, 0x65, 0x4e, 0x6f, 0x64, 0x65, 0x73,
	0x52, 0x65, 0x73, 0x70, 0x6f, 0x6e, 0x73, 0x65, 0x22, 0x17, 0x82, 0xd3, 0xe4, 0x93, 0x02, 0x11,
	0x3a, 0x01, 0x2a, 0x22, 0x0c, 0x2f, 0x74, 0x72, 0x65, 0x65, 0x2f, 0x64, 0x65, 0x6c, 0x65, 0x74,
	0x65, 0x12, 0x5f, 0x0a, 0x0c, 0x52, 0x65, 0x73, 0x74, 0x6f, 0x72, 0x65, 0x4e, 0x6f, 0x64, 0x65,
	0x73, 0x12, 0x19, 0x2e, 0x72, 0x65, 0x73, 0x74, 0x2e, 0x52, 0x65, 0x73, 0x74, 0x6f, 0x72, 0x65,
	0x4e, 0x6f, 0x64, 0x65, 0x73, 0x52, 0x65, 0x71, 0x75, 0x65, 0x73, 0x74, 0x1a, 0x1a, 0x2e, 0x72,
	0x65, 0x73, 0x74, 0x2e, 0x52, 0x65, 0x73, 0x74, 0x6f, 0x72, 0x65, 0x4e, 0x6f, 0x64, 0x65, 0x73,
	0x52, 0x65, 0x73, 0x70, 0x6f, 0x6e, 0x73, 0x65, 0x22, 0x18, 0x82, 0xd3, 0xe4, 0x93, 0x02, 0x12,
	0x3a, 0x01, 0x2a, 0x22, 0x0d, 0x2f, 0x74, 0x72, 0x65, 0x65, 0x2f, 0x72, 0x65, 0x73, 0x74, 0x6f,
	0x72, 0x65, 0x12, 0x6a, 0x0a, 0x0f, 0x43, 0x72, 0x65, 0x61, 0x74, 0x65, 0x53, 0x65, 0x6c, 0x65,
	0x63, 0x74, 0x69, 0x6f, 0x6e, 0x12, 0x1c, 0x2e, 0x72, 0x65, 0x73, 0x74, 0x2e, 0x43, 0x72, 0x65,
	0x61, 0x74, 0x65, 0x53, 0x65, 0x6c, 0x65, 0x63, 0x74, 0x69, 0x6f, 0x6e, 0x52, 0x65, 0x71, 0x75,
	0x65, 0x73, 0x74, 0x1a, 0x1d, 0x2e, 0x72, 0x65, 0x73, 0x74, 0x2e, 0x43, 0x72, 0x65, 0x61, 0x74,
	0x65, 0x53, 0x65, 0x6c, 0x65, 0x63, 0x74, 0x69, 0x6f, 0x6e, 0x52, 0x65, 0x73, 0x70, 0x6f, 0x6e,
	0x73, 0x65, 0x22, 0x1a, 0x82, 0xd3, 0xe4, 0x93, 0x02, 0x14, 0x3a, 0x01, 0x2a, 0x22, 0x0f, 0x2f,
	0x74, 0x72, 0x65, 0x65, 0x2f, 0x73, 0x65, 0x6c, 0x65, 0x63, 0x74, 0x69, 0x6f, 0x6e, 0x32, 0x70,
	0x0a, 0x10, 0x54, 0x65, 0x6d, 0x70, 0x6c, 0x61, 0x74, 0x65, 0x73, 0x53, 0x65, 0x72, 0x76, 0x69,
	0x63, 0x65, 0x12, 0x5c, 0x0a, 0x0d, 0x4c, 0x69, 0x73, 0x74, 0x54, 0x65, 0x6d, 0x70, 0x6c, 0x61,
	0x74, 0x65, 0x73, 0x12, 0x1a, 0x2e, 0x72, 0x65, 0x73, 0x74, 0x2e, 0x4c, 0x69, 0x73, 0x74, 0x54,
	0x65, 0x6d, 0x70, 0x6c, 0x61, 0x74, 0x65, 0x73, 0x52, 0x65, 0x71, 0x75, 0x65, 0x73, 0x74, 0x1a,
	0x1b, 0x2e, 0x72, 0x65, 0x73, 0x74, 0x2e, 0x4c, 0x69, 0x73, 0x74, 0x54, 0x65, 0x6d, 0x70, 0x6c,
	0x61, 0x74, 0x65, 0x73, 0x52, 0x65, 0x73, 0x70, 0x6f, 0x6e, 0x73, 0x65, 0x22, 0x12, 0x82, 0xd3,
	0xe4, 0x93, 0x02, 0x0c, 0x12, 0x0a, 0x2f, 0x74, 0x65, 0x6d, 0x70, 0x6c, 0x61, 0x74, 0x65, 0x73,
	0x32, 0xe5, 0x02, 0x0a, 0x0b, 0x4d, 0x65, 0x74, 0x61, 0x53, 0x65, 0x72, 0x76, 0x69, 0x63, 0x65,
	0x12, 0x52, 0x0a, 0x07, 0x47, 0x65, 0x74, 0x4d, 0x65, 0x74, 0x61, 0x12, 0x1a, 0x2e, 0x72, 0x65,
	0x73, 0x74, 0x2e, 0x4d, 0x65, 0x74, 0x61, 0x4e, 0x61, 0x6d, 0x65, 0x73, 0x70, 0x61, 0x63, 0x65,
	0x52, 0x65, 0x71, 0x75, 0x65, 0x73, 0x74, 0x1a, 0x0a, 0x2e, 0x74, 0x72, 0x65, 0x65, 0x2e, 0x4e,
	0x6f, 0x64, 0x65, 0x22, 0x1f, 0x82, 0xd3, 0xe4, 0x93, 0x02, 0x19, 0x3a, 0x01, 0x2a, 0x22, 0x14,
	0x2f, 0x6d, 0x65, 0x74, 0x61, 0x2f, 0x67, 0x65, 0x74, 0x2f, 0x7b, 0x4e, 0x6f, 0x64, 0x65, 0x50,
	0x61, 0x74, 0x68, 0x7d, 0x12, 0x4c, 0x0a, 0x07, 0x53, 0x65, 0x74, 0x4d, 0x65, 0x74, 0x61, 0x12,
	0x14, 0x2e, 0x72, 0x65, 0x73, 0x74, 0x2e, 0x4d, 0x65, 0x74, 0x61, 0x43, 0x6f, 0x6c, 0x6c, 0x65,
	0x63, 0x74, 0x69, 0x6f, 0x6e, 0x1a, 0x0a, 0x2e, 0x74, 0x72, 0x65, 0x65, 0x2e, 0x4e, 0x6f, 0x64,
	0x65, 0x22, 0x1f, 0x82, 0xd3, 0xe4, 0x93, 0x02, 0x19, 0x3a, 0x01, 0x2a, 0x22, 0x14, 0x2f, 0x6d,
	0x65, 0x74, 0x61, 0x2f, 0x73, 0x65, 0x74, 0x2f, 0x7b, 0x4e, 0x6f, 0x64, 0x65, 0x50, 0x61, 0x74,
	0x68, 0x7d, 0x12, 0x58, 0x0a, 0x0a, 0x44, 0x65, 0x6c, 0x65, 0x74, 0x65, 0x4d, 0x65, 0x74, 0x61,
	0x12, 0x1a, 0x2e, 0x72, 0x65, 0x73, 0x74, 0x2e, 0x4d, 0x65, 0x74, 0x61, 0x4e, 0x61, 0x6d, 0x65,
	0x73, 0x70, 0x61, 0x63, 0x65, 0x52, 0x65, 0x71, 0x75, 0x65, 0x73, 0x74, 0x1a, 0x0a, 0x2e, 0x74,
	0x72, 0x65, 0x65, 0x2e, 0x4e, 0x6f, 0x64, 0x65, 0x22, 0x22, 0x82, 0xd3, 0xe4, 0x93, 0x02, 0x1c,
	0x3a, 0x01, 0x2a, 0x22, 0x17, 0x2f, 0x6d, 0x65, 0x74, 0x61, 0x2f, 0x64, 0x65, 0x6c, 0x65, 0x74,
	0x65, 0x2f, 0x7b, 0x4e, 0x6f, 0x64, 0x65, 0x50, 0x61, 0x74, 0x68, 0x7d, 0x12, 0x5a, 0x0a, 0x0b,
	0x47, 0x65, 0x74, 0x42, 0x75, 0x6c, 0x6b, 0x4d, 0x65, 0x74, 0x61, 0x12, 0x18, 0x2e, 0x72, 0x65,
	0x73, 0x74, 0x2e, 0x47, 0x65, 0x74, 0x42, 0x75, 0x6c, 0x6b, 0x4d, 0x65, 0x74, 0x61, 0x52, 0x65,
	0x71, 0x75, 0x65, 0x73, 0x74, 0x1a, 0x16, 0x2e, 0x72, 0x65, 0x73, 0x74, 0x2e, 0x42, 0x75, 0x6c,
	0x6b, 0x4d, 0x65, 0x74, 0x61, 0x52, 0x65, 0x73, 0x70, 0x6f, 0x6e, 0x73, 0x65, 0x22, 0x19, 0x82,
	0xd3, 0xe4, 0x93, 0x02, 0x13, 0x3a, 0x01, 0x2a, 0x22, 0x0e, 0x2f, 0x6d, 0x65, 0x74, 0x61, 0x2f,
	0x62, 0x75, 0x6c, 0x6b, 0x2f, 0x67, 0x65, 0x74, 0x32, 0xb7, 0x09, 0x0a, 0x0f, 0x55, 0x73, 0x65,
	0x72, 0x4d, 0x65, 0x74, 0x61, 0x53, 0x65, 0x72, 0x76, 0x69, 0x63, 0x65, 0x12, 0x67, 0x0a, 0x0e,
	0x55, 0x70, 0x64, 0x61, 0x74, 0x65, 0x55, 0x73, 0x65, 0x72, 0x4d, 0x65, 0x74, 0x61, 0x12, 0x1a,
	0x2e, 0x69, 0x64, 0x6d, 0x2e, 0x55, 0x70, 0x64, 0x61, 0x74, 0x65, 0x55, 0x73, 0x65, 0x72, 0x4d,
	0x65, 0x74, 0x61, 0x52, 0x65, 0x71, 0x75, 0x65, 0x73, 0x74, 0x1a, 0x1b, 0x2e, 0x69, 0x64, 0x6d,
	0x2e, 0x55, 0x70, 0x64, 0x61, 0x74, 0x65, 0x55, 0x73, 0x65, 0x72, 0x4d, 0x65, 0x74, 0x61, 0x52,
	0x65, 0x73, 0x70, 0x6f, 0x6e, 0x73, 0x65, 0x22, 0x1c, 0x82, 0xd3, 0xe4, 0x93, 0x02, 0x16, 0x3a,
	0x01, 0x2a, 0x1a, 0x11, 0x2f, 0x75, 0x73, 0x65, 0x72, 0x2d, 0x6d, 0x65, 0x74, 0x61, 0x2f, 0x75,
	0x70, 0x64, 0x61, 0x74, 0x65, 0x12, 0x64, 0x0a, 0x0e, 0x53, 0x65, 0x61, 0x72, 0x63, 0x68, 0x55,
	0x73, 0x65, 0x72, 0x4d, 0x65, 0x74, 0x61, 0x12, 0x1a, 0x2e, 0x69, 0x64, 0x6d, 0x2e, 0x53, 0x65,
	0x61, 0x72, 0x63, 0x68, 0x55, 0x73, 0x65, 0x72, 0x4d, 0x65, 0x74, 0x61, 0x52, 0x65, 0x71, 0x75,
	0x65, 0x73, 0x74, 0x1a, 0x18, 0x2e, 0x72, 0x65, 0x73, 0x74, 0x2e, 0x55, 0x73, 0x65, 0x72, 0x4d,
	0x65, 0x74, 0x61, 0x43, 0x6f, 0x6c, 0x6c, 0x65, 0x63, 0x74, 0x69, 0x6f, 0x6e, 0x22, 0x1c, 0x82,
	0xd3, 0xe4, 0x93, 0x02, 0x16, 0x3a, 0x01, 0x2a, 0x22, 0x11, 0x2f, 0x75, 0x73, 0x65, 0x72, 0x2d,
	0x6d, 0x65, 0x74, 0x61, 0x2f, 0x73, 0x65, 0x61, 0x72, 0x63, 0x68, 0x12, 0x64, 0x0a, 0x0d, 0x55,
	0x73, 0x65, 0x72, 0x42, 0x6f, 0x6f, 0x6b, 0x6d, 0x61, 0x72, 0x6b, 0x73, 0x12, 0x1a, 0x2e, 0x72,
	0x65, 0x73, 0x74, 0x2e, 0x55, 0x73, 0x65, 0x72, 0x42, 0x6f, 0x6f, 0x6b, 0x6d, 0x61, 0x72, 0x6b,
	0x73, 0x52, 0x65, 0x71, 0x75, 0x65, 0x73, 0x74, 0x1a, 0x16, 0x2e, 0x72, 0x65, 0x73, 0x74, 0x2e,
	0x42, 0x75, 0x6c, 0x6b, 0x4d, 0x65, 0x74, 0x61, 0x52, 0x65, 0x73, 0x70, 0x6f, 0x6e, 0x73, 0x65,
	0x22, 0x1f, 0x82, 0xd3, 0xe4, 0x93, 0x02, 0x19, 0x3a, 0x01, 0x2a, 0x22, 0x14, 0x2f, 0x75, 0x73,
	0x65, 0x72, 0x2d, 0x6d, 0x65, 0x74, 0x61, 0x2f, 0x62, 0x6f, 0x6f, 0x6b, 0x6d, 0x61, 0x72, 0x6b,
	0x73, 0x12, 0x85, 0x01, 0x0a, 0x17, 0x55, 0x70, 0x64, 0x61, 0x74, 0x65, 0x55, 0x73, 0x65, 0x72,
	0x4d, 0x65, 0x74, 0x61, 0x4e, 0x61, 0x6d, 0x65, 0x73, 0x70, 0x61, 0x63, 0x65, 0x12, 0x23, 0x2e,
	0x69, 0x64, 0x6d, 0x2e, 0x55, 0x70, 0x64, 0x61, 0x74, 0x65, 0x55, 0x73, 0x65, 0x72, 0x4d, 0x65,
	0x74, 0x61, 0x4e, 0x61, 0x6d, 0x65, 0x73, 0x70, 0x61, 0x63, 0x65, 0x52, 0x65, 0x71, 0x75, 0x65,
	0x73, 0x74, 0x1a, 0x24, 0x2e, 0x69, 0x64, 0x6d, 0x2e, 0x55, 0x70, 0x64, 0x61, 0x74, 0x65, 0x55,
	0x73, 0x65, 0x72, 0x4d, 0x65, 0x74, 0x61, 0x4e, 0x61, 0x6d, 0x65, 0x73, 0x70, 0x61, 0x63, 0x65,
	0x52, 0x65, 0x73, 0x70, 0x6f, 0x6e, 0x73, 0x65, 0x22, 0x1f, 0x82, 0xd3, 0xe4, 0x93, 0x02, 0x19,
	0x3a, 0x01, 0x2a, 0x1a, 0x14, 0x2f, 0x75, 0x73, 0x65, 0x72, 0x2d, 0x6d, 0x65, 0x74, 0x61, 0x2f,
	0x6e, 0x61, 0x6d, 0x65, 0x73, 0x70, 0x61, 0x63, 0x65, 0x12, 0x7b, 0x0a, 0x15, 0x4c, 0x69, 0x73,
	0x74, 0x55, 0x73, 0x65, 0x72, 0x4d, 0x65, 0x74, 0x61, 0x4e, 0x61, 0x6d, 0x65, 0x73, 0x70, 0x61,
	0x63, 0x65, 0x12, 0x21, 0x2e, 0x69, 0x64, 0x6d, 0x2e, 0x4c, 0x69, 0x73, 0x74, 0x55, 0x73, 0x65,
	0x72, 0x4d, 0x65, 0x74, 0x61, 0x4e, 0x61, 0x6d, 0x65, 0x73, 0x70, 0x61, 0x63, 0x65, 0x52, 0x65,
	0x71, 0x75, 0x65, 0x73, 0x74, 0x1a, 0x21, 0x2e, 0x72, 0x65, 0x73, 0x74, 0x2e, 0x55, 0x73, 0x65,
	0x72, 0x4d, 0x65, 0x74, 0x61, 0x4e, 0x61, 0x6d, 0x65, 0x73, 0x70, 0x61, 0x63, 0x65, 0x43, 0x6f,
	0x6c, 0x6c, 0x65, 0x63, 0x74, 0x69, 0x6f, 0x6e, 0x22, 0x1c, 0x82, 0xd3, 0xe4, 0x93, 0x02, 0x16,
	0x12, 0x14, 0x2f, 0x75, 0x73, 0x65, 0x72, 0x2d, 0x6d, 0x65, 0x74, 0x61, 0x2f, 0x6e, 0x61, 0x6d,
	0x65, 0x73, 0x70, 0x61, 0x63, 0x65, 0x12, 0x7f, 0x0a, 0x0e, 0x47, 0x65, 0x74, 0x46, 0x69, 0x65,
	0x6c, 0x64, 0x53, 0x63, 0x68, 0x65, 0x6d, 0x61, 0x12, 0x1a, 0x2e, 0x69, 0x64, 0x6d, 0x2e, 0x47,
	0x65, 0x74, 0x46, 0x69, 0x65, 0x6c, 0x64, 0x53, 0x63, 0x68, 0x65, 0x6d, 0x61, 0x52, 0x65, 0x71,
	0x75, 0x65, 0x73, 0x74, 0x1a, 0x17, 0x2e, 0x69, 0x64, 0x6d, 0x2e, 0x4a, 0x73, 0x6f, 0x6e, 0x53,
	0x63, 0x68, 0x65, 0x6d, 0x61, 0x52, 0x65, 0x73, 0x70, 0x6f, 0x6e, 0x73, 0x65, 0x22, 0x38, 0x82,
	0xd3, 0xe4, 0x93, 0x02, 0x32, 0x12, 0x30, 0x2f, 0x75, 0x73, 0x65, 0x72, 0x2d, 0x6d, 0x65, 0x74,
	0x61, 0x2f, 0x6e, 0x61, 0x6d, 0x65, 0x73, 0x70, 0x61, 0x63, 0x65, 0x2f, 0x64, 0x69, 0x73, 0x63,
	0x6f, 0x76, 0x65, 0x72, 0x79, 0x2f, 0x66, 0x69, 0x65, 0x6c, 0x64, 0x2f, 0x7b, 0x46, 0x69, 0x65,
	0x6c, 0x64, 0x54, 0x79, 0x70, 0x65, 0x7d, 0x12, 0x76, 0x0a, 0x12, 0x47, 0x65, 0x74, 0x4e, 0x61,
	0x6d, 0x65, 0x73, 0x70, 0x61, 0x63, 0x65, 0x53, 0x63, 0x68, 0x65, 0x6d, 0x61, 0x12, 0x1e, 0x2e,
	0x69, 0x64, 0x6d, 0x2e, 0x47, 0x65, 0x74, 0x4e, 0x61, 0x6d, 0x65, 0x73, 0x70, 0x61, 0x63, 0x65,
	0x53, 0x63, 0x68, 0x65, 0x6d, 0x61, 0x52, 0x65, 0x71, 0x75, 0x65, 0x73, 0x74, 0x1a, 0x17, 0x2e,
	0x69, 0x64, 0x6d, 0x2e, 0x4a, 0x73, 0x6f, 0x6e, 0x53, 0x63, 0x68, 0x65, 0x6d, 0x61, 0x52, 0x65,
	0x73, 0x70, 0x6f, 0x6e, 0x73, 0x65, 0x22, 0x27, 0x82, 0xd3, 0xe4, 0x93, 0x02, 0x21, 0x12, 0x1f,
	0x2f, 0x75, 0x73, 0x65, 0x72, 0x2d, 0x6d, 0x65, 0x74, 0x61, 0x2f, 0x6e, 0x61, 0x6d, 0x65, 0x73,
	0x70, 0x61, 0x63, 0x65, 0x2f, 0x6a, 0x73, 0x6f, 0x6e, 0x73, 0x63, 0x68, 0x65, 0x6d, 0x61, 0x12,
	0x76, 0x0a, 0x10, 0x4c, 0x69, 0x73, 0x74, 0x55, 0x73, 0x65, 0x72, 0x4d, 0x65, 0x74, 0x61, 0x54,
	0x61, 0x67, 0x73, 0x12, 0x1d, 0x2e, 0x72, 0x65, 0x73, 0x74, 0x2e, 0x4c, 0x69, 0x73, 0x74, 0x55,
	0x73, 0x65, 0x72, 0x4d, 0x65, 0x74, 0x61, 0x54, 0x61, 0x67, 0x73, 0x52, 0x65, 0x71, 0x75, 0x65,
	0x73, 0x74, 0x1a, 0x1e, 0x2e, 0x72, 0x65, 0x73, 0x74, 0x2e, 0x4c, 0x69, 0x73, 0x74, 0x55, 0x73,
	0x65, 0x72, 0x4d, 0x65, 0x74, 0x61, 0x54, 0x61, 0x67, 0x73, 0x52, 0x65, 0x73, 0x70, 0x6f, 0x6e,
	0x73, 0x65, 0x22, 0x23, 0x82, 0xd3, 0xe4, 0x93, 0x02, 0x1d, 0x12, 0x1b, 0x2f, 0x75, 0x73, 0x65,
	0x72, 0x2d, 0x6d, 0x65, 0x74, 0x61, 0x2f, 0x74, 0x61, 0x67, 0x73, 0x2f, 0x7b, 0x4e, 0x61, 0x6d,
	0x65, 0x73, 0x70, 0x61, 0x63, 0x65, 0x7d, 0x12, 0x73, 0x0a, 0x0e, 0x50, 0x75, 0x74, 0x55, 0x73,
	0x65, 0x72, 0x4d, 0x65, 0x74, 0x61, 0x54, 0x61, 0x67, 0x12, 0x1b, 0x2e, 0x72, 0x65, 0x73, 0x74,
	0x2e, 0x50, 0x75, 0x74, 0x55, 0x73, 0x65, 0x72, 0x4d, 0x65, 0x74, 0x61, 0x54, 0x61, 0x67, 0x52,
	0x65, 0x71, 0x75, 0x65, 0x73, 0x74, 0x1a, 0x1c, 0x2e, 0x72, 0x65, 0x73, 0x74, 0x2e, 0x50, 0x75,
	0x74, 0x55, 0x73, 0x65, 0x72, 0x4d, 0x65, 0x74, 0x61, 0x54, 0x61, 0x67, 0x52, 0x65, 0x73, 0x70,
	0x6f, 0x6e, 0x73, 0x65, 0x22, 0x26, 0x82, 0xd3, 0xe4, 0x93, 0x02, 0x20, 0x3a, 0x01, 0x2a, 0x22,
	0x1b, 0x2f, 0x75, 0x73, 0x65, 0x72, 0x2d, 0x6d, 0x65, 0x74, 0x61, 0x2f, 0x74, 0x61, 0x67, 0x73,
	0x2f, 0x7b, 0x4e, 0x61, 0x6d, 0x65, 0x73, 0x70, 0x61, 0x63, 0x65, 0x7d, 0x12, 0x83, 0x01, 0x0a,
	0x12, 0x44, 0x65, 0x6c, 0x65, 0x74, 0x65, 0x55, 0x73, 0x65, 0x72, 0x4d, 0x65, 0x74, 0x61, 0x54,
	0x61, 0x67, 0x73, 0x12, 0x1f, 0x2e, 0x72, 0x65, 0x73, 0x74, 0x2e, 0x44, 0x65, 0x6c, 0x65, 0x74,
	0x65, 0x55, 0x73, 0x65, 0x72, 0x4d, 0x65, 0x74, 0x61, 0x54, 0x61, 0x67, 0x73, 0x52, 0x65, 0x71,
	0x75, 0x65, 0x73, 0x74, 0x1a, 0x20, 0x2e, 0x72, 0x65, 0x73, 0x74, 0x2e, 0x44, 0x65, 0x6c, 0x65,
	0x74, 0x65, 0x55, 0x73, 0x65, 0x72, 0x4d, 0x65, 0x74, 0x61, 0x54, 0x61, 0x67, 0x73, 0x52, 0x65,
	0x73, 0x70, 0x6f, 0x6e, 0x73, 0x65, 0x22, 0x2a, 0x82, 0xd3, 0xe4, 0x93, 0x02, 0x24, 0x2a, 0x22,
	0x2f, 0x75, 0x73, 0x65, 0x72, 0x2d, 0x6d, 0x65, 0x74, 0x61, 0x2f, 0x74, 0x61, 0x67, 0x73, 0x2f,
	0x7b, 0x4e, 0x61, 0x6d, 0x65, 0x73, 0x70, 0x61, 0x63, 0x65, 0x7d, 0x2f, 0x7b, 0x54, 0x61, 0x67,
	0x73, 0x7d, 0x32, 0xe1, 0x03, 0x0a, 0x0b, 0x4a, 0x6f, 0x62, 0x73, 0x53, 0x65, 0x72, 0x76, 0x69,
	0x63, 0x65, 0x12, 0x5d, 0x0a, 0x0d, 0x55, 0x73, 0x65, 0x72, 0x43, 0x72, 0x65, 0x61, 0x74, 0x65,
	0x4a, 0x6f, 0x62, 0x12, 0x14, 0x2e, 0x72, 0x65, 0x73, 0x74, 0x2e, 0x55, 0x73, 0x65, 0x72, 0x4a,
	0x6f, 0x62, 0x52, 0x65, 0x71, 0x75, 0x65, 0x73, 0x74, 0x1a, 0x15, 0x2e, 0x72, 0x65, 0x73, 0x74,
	0x2e, 0x55, 0x73, 0x65, 0x72, 0x4a, 0x6f, 0x62, 0x52, 0x65, 0x73, 0x70, 0x6f, 0x6e, 0x73, 0x65,
	0x22, 0x1f, 0x82, 0xd3, 0xe4, 0x93, 0x02, 0x19, 0x3a, 0x01, 0x2a, 0x1a, 0x14, 0x2f, 0x6a, 0x6f,
	0x62, 0x73, 0x2f, 0x75, 0x73, 0x65, 0x72, 0x2f, 0x7b, 0x4a, 0x6f, 0x62, 0x4e, 0x61, 0x6d, 0x65,
	0x7d, 0x12, 0x56, 0x0a, 0x0c, 0x55, 0x73, 0x65, 0x72, 0x4c, 0x69, 0x73, 0x74, 0x4a, 0x6f, 0x62,
	0x73, 0x12, 0x15, 0x2e, 0x6a, 0x6f, 0x62, 0x73, 0x2e, 0x4c, 0x69, 0x73, 0x74, 0x4a, 0x6f, 0x62,
	0x73, 0x52, 0x65, 0x71, 0x75, 0x65, 0x73, 0x74, 0x1a, 0x18, 0x2e, 0x72, 0x65, 0x73, 0x74, 0x2e,
	0x55, 0x73, 0x65, 0x72, 0x4a, 0x6f, 0x62, 0x73, 0x43, 0x6f, 0x6c, 0x6c, 0x65, 0x63, 0x74, 0x69,
	0x6f, 0x6e, 0x22, 0x15, 0x82, 0xd3, 0xe4, 0x93, 0x02, 0x0f, 0x3a, 0x01, 0x2a, 0x22, 0x0a, 0x2f,
	0x6a, 0x6f, 0x62, 0x73, 0x2f, 0x75, 0x73, 0x65, 0x72, 0x12, 0x55, 0x0a, 0x0e, 0x55, 0x73, 0x65,
	0x72, 0x43, 0x6f, 0x6e, 0x74, 0x72, 0x6f, 0x6c, 0x4a, 0x6f, 0x62, 0x12, 0x11, 0x2e, 0x6a, 0x6f,
	0x62, 0x73, 0x2e, 0x43, 0x74, 0x72, 0x6c, 0x43, 0x6f, 0x6d, 0x6d, 0x61, 0x6e, 0x64, 0x1a, 0x19,
	0x2e, 0x6a, 0x6f, 0x62, 0x73, 0x2e, 0x43, 0x74, 0x72, 0x6c, 0x43, 0x6f, 0x6d, 0x6d, 0x61, 0x6e,
	0x64, 0x52, 0x65, 0x73, 0x70, 0x6f, 0x6e, 0x73, 0x65, 0x22, 0x15, 0x82, 0xd3, 0xe4, 0x93, 0x02,
	0x0f, 0x3a, 0x01, 0x2a, 0x1a, 0x0a, 0x2f, 0x6a, 0x6f, 0x62, 0x73, 0x2f, 0x75, 0x73, 0x65, 0x72,
	0x12, 0x65, 0x0a, 0x0f, 0x55, 0x73, 0x65, 0x72, 0x44, 0x65, 0x6c, 0x65, 0x74, 0x65, 0x54, 0x61,
	0x73, 0x6b, 0x73, 0x12, 0x18, 0x2e, 0x6a, 0x6f, 0x62, 0x73, 0x2e, 0x44, 0x65, 0x6c, 0x65, 0x74,
	0x65, 0x54, 0x61, 0x73, 0x6b, 0x73, 0x52, 0x65, 0x71, 0x75, 0x65, 0x73, 0x74, 0x1a, 0x19, 0x2e,
	0x6a, 0x6f, 0x62, 0x73, 0x2e, 0x44, 0x65, 0x6c, 0x65, 0x74, 0x65, 0x54, 0x61, 0x73, 0x6b, 0x73,
	0x52, 0x65, 0x73, 0x70, 0x6f, 0x6e, 0x73, 0x65, 0x22, 0x1d, 0x82, 0xd3, 0xe4, 0x93, 0x02, 0x17,
	0x3a, 0x01, 0x2a, 0x22, 0x12, 0x2f, 0x6a, 0x6f, 0x62, 0x73, 0x2f, 0x74, 0x61, 0x73, 0x6b, 0x73,
	0x2f, 0x64, 0x65, 0x6c, 0x65, 0x74, 0x65, 0x12, 0x5d, 0x0a, 0x0d, 0x4c, 0x69, 0x73, 0x74, 0x54,
	0x61, 0x73, 0x6b, 0x73, 0x4c, 0x6f, 0x67, 0x73, 0x12, 0x13, 0x2e, 0x6c, 0x6f, 0x67, 0x2e, 0x4c,
	0x69, 0x73, 0x74, 0x4c, 0x6f, 0x67, 0x52, 0x65, 0x71, 0x75, 0x65, 0x73, 0x74, 0x1a, 0x1a, 0x2e,
	0x72, 0x65, 0x73, 0x74, 0x2e, 0x4c, 0x6f, 0x67, 0x4d, 0x65, 0x73, 0x73, 0x61, 0x67, 0x65, 0x43,
	0x6f, 0x6c, 0x6c, 0x65, 0x63, 0x74, 0x69, 0x6f, 0x6e, 0x22, 0x1b, 0x82, 0xd3, 0xe4, 0x93, 0x02,
	0x15, 0x3a, 0x01, 0x2a, 0x22, 0x10, 0x2f, 0x6a, 0x6f, 0x62, 0x73, 0x2f, 0x74, 0x61, 0x73, 0x6b,
	0x73, 0x2f, 0x6c, 0x6f, 0x67, 0x73, 0x32, 0xcc, 0x01, 0x0a, 0x10, 0x41, 0x64, 0x6d, 0x69, 0x6e,
	0x54, 0x72, 0x65, 0x65, 0x53, 0x65, 0x72, 0x76, 0x69, 0x63, 0x65, 0x12, 0x5b, 0x0a, 0x0d, 0x4c,
	0x69, 0x73, 0x74, 0x41, 0x64, 0x6d, 0x69, 0x6e, 0x54, 0x72, 0x65, 0x65, 0x12, 0x16, 0x2e, 0x74,
	0x72, 0x65, 0x65, 0x2e, 0x4c, 0x69, 0x73, 0x74, 0x4e, 0x6f, 0x64, 0x65, 0x73, 0x52, 0x65, 0x71,
	0x75, 0x65, 0x73, 0x74, 0x1a, 0x15, 0x2e, 0x72, 0x65, 0x73, 0x74, 0x2e, 0x4e, 0x6f, 0x64, 0x65,
	0x73, 0x43, 0x6f, 0x6c, 0x6c, 0x65, 0x63, 0x74, 0x69, 0x6f, 0x6e, 0x22, 0x1b, 0x82, 0xd3, 0xe4,
	0x93, 0x02, 0x15, 0x3a, 0x01, 0x2a, 0x22, 0x10, 0x2f, 0x74, 0x72, 0x65, 0x65, 0x2f, 0x61, 0x64,
	0x6d, 0x69, 0x6e, 0x2f, 0x6c, 0x69, 0x73, 0x74, 0x12, 0x5b, 0x0a, 0x0d, 0x53, 0x74, 0x61, 0x74,
	0x41, 0x64, 0x6d, 0x69, 0x6e, 0x54, 0x72, 0x65, 0x65, 0x12, 0x15, 0x2e, 0x74, 0x72, 0x65, 0x65,
	0x2e, 0x52, 0x65, 0x61, 0x64, 0x4e, 0x6f, 0x64, 0x65, 0x52, 0x65, 0x71, 0x75, 0x65, 0x73, 0x74,
	0x1a, 0x16, 0x2e, 0x74, 0x72, 0x65, 0x65, 0x2e, 0x52, 0x65, 0x61, 0x64, 0x4e, 0x6f, 0x64, 0x65,
	0x52, 0x65, 0x73, 0x70, 0x6f, 0x6e, 0x73, 0x65, 0x22, 0x1b, 0x82, 0xd3, 0xe4, 0x93, 0x02, 0x15,
	0x3a, 0x01, 0x2a, 0x22, 0x10, 0x2f, 0x74, 0x72, 0x65, 0x65, 0x2f, 0x61, 0x64, 0x6d, 0x69, 0x6e,
	0x2f, 0x73, 0x74, 0x61, 0x74, 0x32, 0xa4, 0x02, 0x0a, 0x0c, 0x47, 0x72, 0x61, 0x70, 0x68, 0x53,
	0x65, 0x72, 0x76, 0x69, 0x63, 0x65, 0x12, 0x5c, 0x0a, 0x09, 0x55, 0x73, 0x65, 0x72, 0x53, 0x74,
	0x61, 0x74, 0x65, 0x12, 0x16, 0x2e, 0x72, 0x65, 0x73, 0x74, 0x2e, 0x55, 0x73, 0x65, 0x72, 0x53,
	0x74, 0x61, 0x74, 0x65, 0x52, 0x65, 0x71, 0x75, 0x65, 0x73, 0x74, 0x1a, 0x17, 0x2e, 0x72, 0x65,
	0x73, 0x74, 0x2e, 0x55, 0x73, 0x65, 0x72, 0x53, 0x74, 0x61, 0x74, 0x65, 0x52, 0x65, 0x73, 0x70,
	0x6f, 0x6e, 0x73, 0x65, 0x22, 0x1e, 0x82, 0xd3, 0xe4, 0x93, 0x02, 0x18, 0x12, 0x16, 0x2f, 0x67,
	0x72, 0x61, 0x70, 0x68, 0x2f, 0x73, 0x74, 0x61, 0x74, 0x65, 0x2f, 0x7b, 0x53, 0x65, 0x67, 0x6d,
	0x65, 0x6e, 0x74, 0x7d, 0x12, 0x5b, 0x0a, 0x08, 0x52, 0x65, 0x6c, 0x61, 0x74, 0x69, 0x6f, 0x6e,
	0x12, 0x15, 0x2e, 0x72, 0x65, 0x73, 0x74, 0x2e, 0x52, 0x65, 0x6c, 0x61, 0x74, 0x69, 0x6f, 0x6e,
	0x52, 0x65, 0x71, 0x75, 0x65, 0x73, 0x74, 0x1a, 0x16, 0x2e, 0x72, 0x65, 0x73, 0x74, 0x2e, 0x52,
	0x65, 0x6c, 0x61, 0x74, 0x69, 0x6f, 0x6e, 0x52, 0x65, 0x73, 0x70, 0x6f, 0x6e, 0x73, 0x65, 0x22,
	0x20, 0x82, 0xd3, 0xe4, 0x93, 0x02, 0x1a, 0x12, 0x18, 0x2f, 0x67, 0x72, 0x61, 0x70, 0x68, 0x2f,
	0x72, 0x65, 0x6c, 0x61, 0x74, 0x69, 0x6f, 0x6e, 0x2f, 0x7b, 0x55, 0x73, 0x65, 0x72, 0x49, 0x64,
	0x7d, 0x12, 0x59, 0x0a, 0x09, 0x52, 0x65, 0x63, 0x6f, 0x6d, 0x6d, 0x65, 0x6e, 0x64, 0x12, 0x16,
	0x2e, 0x72, 0x65, 0x73, 0x74, 0x2e, 0x52, 0x65, 0x63, 0x6f, 0x6d, 0x6d, 0x65, 0x6e, 0x64, 0x52,
	0x65, 0x71, 0x75, 0x65, 0x73, 0x74, 0x1a, 0x17, 0x2e, 0x72, 0x65, 0x73, 0x74, 0x2e, 0x52, 0x65,
	0x63, 0x6f, 0x6d, 0x6d, 0x65, 0x6e, 0x64, 0x52, 0x65, 0x73, 0x70, 0x6f, 0x6e, 0x73, 0x65, 0x22,
	0x1b, 0x82, 0xd3, 0xe4, 0x93, 0x02, 0x15, 0x3a, 0x01, 0x2a, 0x22, 0x10, 0x2f, 0x67, 0x72, 0x61,
	0x70, 0x68, 0x2f, 0x72, 0x65, 0x63, 0x6f, 0x6d, 0x6d, 0x65, 0x6e, 0x64, 0x32, 0x82, 0x06, 0x0a,
	0x0c, 0x53, 0x68, 0x61, 0x72, 0x65, 0x53, 0x65, 0x72, 0x76, 0x69, 0x63, 0x65, 0x12, 0x43, 0x0a,
	0x07, 0x50, 0x75, 0x74, 0x43, 0x65, 0x6c, 0x6c, 0x12, 0x14, 0x2e, 0x72, 0x65, 0x73, 0x74, 0x2e,
	0x50, 0x75, 0x74, 0x43, 0x65, 0x6c, 0x6c, 0x52, 0x65, 0x71, 0x75, 0x65, 0x73, 0x74, 0x1a, 0x0a,
	0x2e, 0x72, 0x65, 0x73, 0x74, 0x2e, 0x43, 0x65, 0x6c, 0x6c, 0x22, 0x16, 0x82, 0xd3, 0xe4, 0x93,
	0x02, 0x10, 0x3a, 0x01, 0x2a, 0x1a, 0x0b, 0x2f, 0x73, 0x68, 0x61, 0x72, 0x65, 0x2f, 0x63, 0x65,
	0x6c, 0x6c, 0x12, 0x47, 0x0a, 0x07, 0x47, 0x65, 0x74, 0x43, 0x65, 0x6c, 0x6c, 0x12, 0x14, 0x2e,
	0x72, 0x65, 0x73, 0x74, 0x2e, 0x47, 0x65, 0x74, 0x43, 0x65, 0x6c, 0x6c, 0x52, 0x65, 0x71, 0x75,
	0x65, 0x73, 0x74, 0x1a, 0x0a, 0x2e, 0x72, 0x65, 0x73, 0x74, 0x2e, 0x43, 0x65, 0x6c, 0x6c, 0x22,
	0x1a, 0x82, 0xd3, 0xe4, 0x93, 0x02, 0x14, 0x12, 0x12, 0x2f, 0x73, 0x68, 0x61, 0x72, 0x65, 0x2f,
	0x63, 0x65, 0x6c, 0x6c, 0x2f, 0x7b, 0x55, 0x75, 0x69, 0x64, 0x7d, 0x12, 0x5b, 0x0a, 0x0a, 0x44,
	0x65, 0x6c, 0x65, 0x74, 0x65, 0x43, 0x65, 0x6c, 0x6c, 0x12, 0x17, 0x2e, 0x72, 0x65, 0x73, 0x74,
	0x2e, 0x44, 0x65, 0x6c, 0x65, 0x74, 0x65, 0x43, 0x65, 0x6c, 0x6c, 0x52, 0x65, 0x71, 0x75, 0x65,
	0x73, 0x74, 0x1a, 0x18, 0x2e, 0x72, 0x65, 0x73, 0x74, 0x2e, 0x44, 0x65, 0x6c, 0x65, 0x74, 0x65,
	0x43, 0x65, 0x6c, 0x6c, 0x52, 0x65, 0x73, 0x70, 0x6f, 0x6e, 0x73, 0x65, 0x22, 0x1a, 0x82, 0xd3,
	0xe4, 0x93, 0x02, 0x14, 0x2a, 0x12, 0x2f, 0x73, 0x68, 0x61, 0x72, 0x65, 0x2f, 0x63, 0x65, 0x6c,
	0x6c, 0x2f, 0x7b, 0x55, 0x75, 0x69, 0x64, 0x7d, 0x12, 0x52, 0x0a, 0x0c, 0x50, 0x75, 0x74, 0x53,
	0x68, 0x61, 0x72, 0x65, 0x4c, 0x69, 0x6e, 0x6b, 0x12, 0x19, 0x2e, 0x72, 0x65, 0x73, 0x74, 0x2e,
	0x50, 0x75, 0x74, 0x53, 0x68, 0x61, 0x72, 0x65, 0x4c, 0x69, 0x6e, 0x6b, 0x52, 0x65, 0x71, 0x75,
	0x65, 0x73, 0x74, 0x1a, 0x0f, 0x2e, 0x72, 0x65, 0x73, 0x74, 0x2e, 0x53, 0x68, 0x61, 0x72, 0x65,
	0x4c, 0x69, 0x6e, 0x6b, 0x22, 0x16, 0x82, 0xd3, 0xe4, 0x93, 0x02, 0x10, 0x3a, 0x01, 0x2a, 0x1a,
	0x0b, 0x2f, 0x73, 0x68, 0x61, 0x72, 0x65, 0x2f, 0x6c, 0x69, 0x6e, 0x6b, 0x12, 0x56, 0x0a, 0x0c,
	0x47, 0x65, 0x74, 0x53, 0x68, 0x61, 0x72, 0x65, 0x4c, 0x69, 0x6e, 0x6b, 0x12, 0x19, 0x2e, 0x72,
	0x65, 0x73, 0x74, 0x2e, 0x47, 0x65, 0x74, 0x53, 0x68, 0x61, 0x72, 0x65, 0x4c, 0x69, 0x6e, 0x6b,
	0x52, 0x65, 0x71, 0x75, 0x65, 0x73, 0x74, 0x1a, 0x0f, 0x2e, 0x72, 0x65, 0x73, 0x74, 0x2e, 0x53,
	0x68, 0x61, 0x72, 0x65, 0x4c, 0x69, 0x6e, 0x6b, 0x22, 0x1a, 0x82, 0xd3, 0xe4, 0x93, 0x02, 0x14,
	0x12, 0x12, 0x2f, 0x73, 0x68, 0x61, 0x72, 0x65, 0x2f, 0x6c, 0x69, 0x6e, 0x6b, 0x2f, 0x7b, 0x55,
	0x75, 0x69, 0x64, 0x7d, 0x12, 0x6a, 0x0a, 0x0f, 0x44, 0x65, 0x6c, 0x65, 0x74, 0x65, 0x53, 0x68,
	0x61, 0x72, 0x65, 0x4c, 0x69, 0x6e, 0x6b, 0x12, 0x1c, 0x2e, 0x72, 0x65, 0x73, 0x74, 0x2e, 0x44,
	0x65, 0x6c, 0x65, 0x74, 0x65, 0x53, 0x68, 0x61, 0x72, 0x65, 0x4c, 0x69, 0x6e, 0x6b, 0x52, 0x65,
	0x71, 0x75, 0x65, 0x73, 0x74, 0x1a, 0x1d, 0x2e, 0x72, 0x65, 0x73, 0x74, 0x2e, 0x44, 0x65, 0x6c,
	0x65, 0x74, 0x65, 0x53, 0x68, 0x61, 0x72, 0x65, 0x4c, 0x69, 0x6e, 0x6b, 0x52, 0x65, 0x73, 0x70,
	0x6f, 0x6e, 0x73, 0x65, 0x22, 0x1a, 0x82, 0xd3, 0xe4, 0x93, 0x02, 0x14, 0x2a, 0x12, 0x2f, 0x73,
	0x68, 0x61, 0x72, 0x65, 0x2f, 0x6c, 0x69, 0x6e, 0x6b, 0x2f, 0x7b, 0x55, 0x75, 0x69, 0x64, 0x7d,
	0x12, 0x77, 0x0a, 0x13, 0x4c, 0x69, 0x73, 0x74, 0x53, 0x68, 0x61, 0x72, 0x65, 0x64, 0x52, 0x65,
	0x73, 0x6f, 0x75, 0x72, 0x63, 0x65, 0x73, 0x12, 0x20, 0x2e, 0x72, 0x65, 0x73, 0x74, 0x2e, 0x4c,
	0x69, 0x73, 0x74, 0x53, 0x68, 0x61, 0x72, 0x65, 0x64, 0x52, 0x65, 0x73, 0x6f, 0x75, 0x72, 0x63,
	0x65, 0x73, 0x52, 0x65, 0x71, 0x75, 0x65, 0x73, 0x74, 0x1a, 0x21, 0x2e, 0x72, 0x65, 0x73, 0x74,
	0x2e, 0x4c, 0x69, 0x73, 0x74, 0x53, 0x68, 0x61, 0x72, 0x65, 0x64, 0x52, 0x65, 0x73, 0x6f, 0x75,
	0x72, 0x63, 0x65, 0x73, 0x52, 0x65, 0x73, 0x70, 0x6f, 0x6e, 0x73, 0x65, 0x22, 0x1b, 0x82, 0xd3,
	0xe4, 0x93, 0x02, 0x15, 0x3a, 0x01, 0x2a, 0x22, 0x10, 0x2f, 0x73, 0x68, 0x61, 0x72, 0x65, 0x2f,
	0x72, 0x65, 0x73, 0x6f, 0x75, 0x72, 0x63, 0x65, 0x73, 0x12, 0x76, 0x0a, 0x13, 0x55, 0x70, 0x64,
	0x61, 0x74, 0x65, 0x53, 0x68, 0x61, 0x72, 0x65, 0x50, 0x6f, 0x6c, 0x69, 0x63, 0x69, 0x65, 0x73,
	0x12, 0x20, 0x2e, 0x72, 0x65, 0x73, 0x74, 0x2e, 0x55, 0x70, 0x64, 0x61, 0x74, 0x65, 0x53, 0x68,
	0x61, 0x72, 0x65, 0x50, 0x6f, 0x6c, 0x69, 0x63, 0x69, 0x65, 0x73, 0x52, 0x65, 0x71, 0x75, 0x65,
	0x73, 0x74, 0x1a, 0x21, 0x2e, 0x72, 0x65, 0x73, 0x74, 0x2e, 0x55, 0x70, 0x64, 0x61, 0x74, 0x65,
	0x53, 0x68, 0x61, 0x72, 0x65, 0x50, 0x6f, 0x6c, 0x69, 0x63, 0x69, 0x65, 0x73, 0x52, 0x65, 0x73,
	0x70, 0x6f, 0x6e, 0x73, 0x65, 0x22, 0x1a, 0x82, 0xd3, 0xe4, 0x93, 0x02, 0x14, 0x3a, 0x01, 0x2a,
	0x1a, 0x0f, 0x2f, 0x73, 0x68, 0x61, 0x72, 0x65, 0x2f, 0x70, 0x6f, 0x6c, 0x69, 0x63, 0x69, 0x65,
	0x73, 0x32, 0x83, 0x04, 0x0a, 0x0e, 0x49, 0x6e, 0x73, 0x74, 0x61, 0x6c, 0x6c, 0x53, 0x65, 0x72,
	0x76, 0x69, 0x63, 0x65, 0x12, 0x59, 0x0a, 0x0a, 0x47, 0x65, 0x74, 0x49, 0x6e, 0x73, 0x74, 0x61,
	0x6c, 0x6c, 0x12, 0x1b, 0x2e, 0x69, 0x6e, 0x73, 0x74, 0x61, 0x6c, 0x6c, 0x2e, 0x47, 0x65, 0x74,
	0x44, 0x65, 0x66, 0x61, 0x75, 0x6c, 0x74, 0x73, 0x52, 0x65, 0x71, 0x75, 0x65, 0x73, 0x74, 0x1a,
	0x1c, 0x2e, 0x69, 0x6e, 0x73, 0x74, 0x61, 0x6c, 0x6c, 0x2e, 0x47, 0x65, 0x74, 0x44, 0x65, 0x66,
	0x61, 0x75, 0x6c, 0x74, 0x73, 0x52, 0x65, 0x73, 0x70, 0x6f, 0x6e, 0x73, 0x65, 0x22, 0x10, 0x82,
	0xd3, 0xe4, 0x93, 0x02, 0x0a, 0x12, 0x08, 0x2f, 0x69, 0x6e, 0x73, 0x74, 0x61, 0x6c, 0x6c, 0x12,
	0x55, 0x0a, 0x0b, 0x50, 0x6f, 0x73, 0x74, 0x49, 0x6e, 0x73, 0x74, 0x61, 0x6c, 0x6c, 0x12, 0x17,
	0x2e, 0x69, 0x6e, 0x73, 0x74, 0x61, 0x6c, 0x6c, 0x2e, 0x49, 0x6e, 0x73, 0x74, 0x61, 0x6c, 0x6c,
	0x52, 0x65, 0x71, 0x75, 0x65, 0x73, 0x74, 0x1a, 0x18, 0x2e, 0x69, 0x6e, 0x73, 0x74, 0x61, 0x6c,
	0x6c, 0x2e, 0x49, 0x6e, 0x73, 0x74, 0x61, 0x6c, 0x6c, 0x52, 0x65, 0x73, 0x70, 0x6f, 0x6e, 0x73,
	0x65, 0x22, 0x13, 0x82, 0xd3, 0xe4, 0x93, 0x02, 0x0d, 0x3a, 0x01, 0x2a, 0x22, 0x08, 0x2f, 0x69,
	0x6e, 0x73, 0x74, 0x61, 0x6c, 0x6c, 0x12, 0x6d, 0x0a, 0x13, 0x50, 0x65, 0x72, 0x66, 0x6f, 0x72,
	0x6d, 0x49, 0x6e, 0x73, 0x74, 0x61, 0x6c, 0x6c, 0x43, 0x68, 0x65, 0x63, 0x6b, 0x12, 0x1c, 0x2e,
	0x69, 0x6e, 0x73, 0x74, 0x61, 0x6c, 0x6c, 0x2e, 0x50, 0x65, 0x72, 0x66, 0x6f, 0x72, 0x6d, 0x43,
	0x68, 0x65, 0x63, 0x6b, 0x52, 0x65, 0x71, 0x75, 0x65, 0x73, 0x74, 0x1a, 0x1d, 0x2e, 0x69, 0x6e,
	0x73, 0x74, 0x61, 0x6c, 0x6c, 0x2e, 0x50, 0x65, 0x72, 0x66, 0x6f, 0x72, 0x6d, 0x43, 0x68, 0x65,
	0x63, 0x6b, 0x52, 0x65, 0x73, 0x70, 0x6f, 0x6e, 0x73, 0x65, 0x22, 0x19, 0x82, 0xd3, 0xe4, 0x93,
	0x02, 0x13, 0x3a, 0x01, 0x2a, 0x22, 0x0e, 0x2f, 0x69, 0x6e, 0x73, 0x74, 0x61, 0x6c, 0x6c, 0x2f,
	0x63, 0x68, 0x65, 0x63, 0x6b, 0x12, 0x67, 0x0a, 0x0c, 0x47, 0x65, 0x74, 0x41, 0x67, 0x72, 0x65,
	0x65, 0x6d, 0x65, 0x6e, 0x74, 0x12, 0x1c, 0x2e, 0x69, 0x6e, 0x73, 0x74, 0x61, 0x6c, 0x6c, 0x2e,
	0x47, 0x65, 0x74, 0x41, 0x67, 0x72, 0x65, 0x65, 0x6d, 0x65, 0x6e, 0x74, 0x52, 0x65, 0x71, 0x75,
	0x65, 0x73, 0x74, 0x1a, 0x1d, 0x2e, 0x69, 0x6e, 0x73, 0x74, 0x61, 0x6c, 0x6c, 0x2e, 0x47, 0x65,
	0x74, 0x41, 0x67, 0x72, 0x65, 0x65, 0x6d, 0x65, 0x6e, 0x74, 0x52, 0x65, 0x73, 0x70, 0x6f, 0x6e,
	0x73, 0x65, 0x22, 0x1a, 0x82, 0xd3, 0xe4, 0x93, 0x02, 0x14, 0x12, 0x12, 0x2f, 0x69, 0x6e, 0x73,
	0x74, 0x61, 0x6c, 0x6c, 0x2f, 0x61, 0x67, 0x72, 0x65, 0x65, 0x6d, 0x65, 0x6e, 0x74, 0x12, 0x67,
	0x0a, 0x0d, 0x49, 0x6e, 0x73, 0x74, 0x61, 0x6c, 0x6c, 0x45, 0x76, 0x65, 0x6e, 0x74, 0x73, 0x12,
	0x1d, 0x2e, 0x69, 0x6e, 0x73, 0x74, 0x61, 0x6c, 0x6c, 0x2e, 0x49, 0x6e, 0x73, 0x74, 0x61, 0x6c,
	0x6c, 0x45, 0x76, 0x65, 0x6e, 0x74, 0x73, 0x52, 0x65, 0x71, 0x75, 0x65, 0x73, 0x74, 0x1a, 0x1e,
	0x2e, 0x69, 0x6e, 0x73, 0x74, 0x61, 0x6c, 0x6c, 0x2e, 0x49, 0x6e, 0x73, 0x74, 0x61, 0x6c, 0x6c,
	0x45, 0x76, 0x65, 0x6e, 0x74, 0x73, 0x52, 0x65, 0x73, 0x70, 0x6f, 0x6e, 0x73, 0x65, 0x22, 0x17,
	0x82, 0xd3, 0xe4, 0x93, 0x02, 0x11, 0x12, 0x0f, 0x2f, 0x69, 0x6e, 0x73, 0x74, 0x61, 0x6c, 0x6c,
	0x2f, 0x65, 0x76, 0x65, 0x6e, 0x74, 0x73, 0x32, 0xd0, 0x01, 0x0a, 0x0d, 0x55, 0x70, 0x64, 0x61,
	0x74, 0x65, 0x53, 0x65, 0x72, 0x76, 0x69, 0x63, 0x65, 0x12, 0x53, 0x0a, 0x0e, 0x55, 0x70, 0x64,
	0x61, 0x74, 0x65, 0x52, 0x65, 0x71, 0x75, 0x69, 0x72, 0x65, 0x64, 0x12, 0x15, 0x2e, 0x75, 0x70,
	0x64, 0x61, 0x74, 0x65, 0x2e, 0x55, 0x70, 0x64, 0x61, 0x74, 0x65, 0x52, 0x65, 0x71, 0x75, 0x65,
	0x73, 0x74, 0x1a, 0x16, 0x2e, 0x75, 0x70, 0x64, 0x61, 0x74, 0x65, 0x2e, 0x55, 0x70, 0x64, 0x61,
	0x74, 0x65, 0x52, 0x65, 0x73, 0x70, 0x6f, 0x6e, 0x73, 0x65, 0x22, 0x12, 0x82, 0xd3, 0xe4, 0x93,
	0x02, 0x0c, 0x3a, 0x01, 0x2a, 0x22, 0x07, 0x2f, 0x75, 0x70, 0x64, 0x61, 0x74, 0x65, 0x12, 0x6a,
	0x0a, 0x0b, 0x41, 0x70, 0x70, 0x6c, 0x79, 0x55, 0x70, 0x64, 0x61, 0x74, 0x65, 0x12, 0x1a, 0x2e,
	0x75, 0x70, 0x64, 0x61, 0x74, 0x65, 0x2e, 0x41, 0x70, 0x70, 0x6c, 0x79, 0x55, 0x70, 0x64, 0x61,
	0x74, 0x65, 0x52, 0x65, 0x71, 0x75, 0x65, 0x73, 0x74, 0x1a, 0x1b, 0x2e, 0x75, 0x70, 0x64, 0x61,
	0x74, 0x65, 0x2e, 0x41, 0x70, 0x70, 0x6c, 0x79, 0x55, 0x70, 0x64, 0x61, 0x74, 0x65, 0x52, 0x65,
	0x73, 0x70, 0x6f, 0x6e, 0x73, 0x65, 0x22, 0x22, 0x82, 0xd3, 0xe4, 0x93, 0x02, 0x1c, 0x3a, 0x01,
	0x2a, 0x32, 0x17, 0x2f, 0x75, 0x70, 0x64, 0x61, 0x74, 0x65, 0x2f, 0x7b, 0x54, 0x61, 0x72, 0x67,
	0x65, 0x74, 0x56, 0x65, 0x72, 0x73, 0x69, 0x6f, 0x6e, 0x7d, 0x32, 0xd1, 0x07, 0x0a, 0x0f, 0x46,
	0x72, 0x6f, 0x6e, 0x74, 0x65, 0x6e, 0x64, 0x53, 0x65, 0x72, 0x76, 0x69, 0x63, 0x65, 0x12, 0x58,
	0x0a, 0x0a, 0x46, 0x72, 0x6f, 0x6e, 0x74, 0x53, 0x74, 0x61, 0x74, 0x65, 0x12, 0x17, 0x2e, 0x72,
	0x65, 0x73, 0x74, 0x2e, 0x46, 0x72, 0x6f, 0x6e, 0x74, 0x53, 0x74, 0x61, 0x74, 0x65, 0x52, 0x65,
	0x71, 0x75, 0x65, 0x73, 0x74, 0x1a, 0x18, 0x2e, 0x72, 0x65, 0x73, 0x74, 0x2e, 0x46, 0x72, 0x6f,
	0x6e, 0x74, 0x53, 0x74, 0x61, 0x74, 0x65, 0x52, 0x65, 0x73, 0x70, 0x6f, 0x6e, 0x73, 0x65, 0x22,
	0x17, 0x82, 0xd3, 0xe4, 0x93, 0x02, 0x11, 0x12, 0x0f, 0x2f, 0x66, 0x72, 0x6f, 0x6e, 0x74, 0x65,
	0x6e, 0x64, 0x2f, 0x73, 0x74, 0x61, 0x74, 0x65, 0x12, 0x64, 0x0a, 0x0d, 0x46, 0x72, 0x6f, 0x6e,
	0x74, 0x42, 0x6f, 0x6f, 0x74, 0x43, 0x6f, 0x6e, 0x66, 0x12, 0x1a, 0x2e, 0x72, 0x65, 0x73, 0x74,
	0x2e, 0x46, 0x72, 0x6f, 0x6e, 0x74, 0x42, 0x6f, 0x6f, 0x74, 0x43, 0x6f, 0x6e, 0x66, 0x52, 0x65,
	0x71, 0x75, 0x65, 0x73, 0x74, 0x1a, 0x1b, 0x2e, 0x72, 0x65, 0x73, 0x74, 0x2e, 0x46, 0x72, 0x6f,
	0x6e, 0x74, 0x42, 0x6f, 0x6f, 0x74, 0x43, 0x6f, 0x6e, 0x66, 0x52, 0x65, 0x73, 0x70, 0x6f, 0x6e,
	0x73, 0x65, 0x22, 0x1a, 0x82, 0xd3, 0xe4, 0x93, 0x02, 0x14, 0x12, 0x12, 0x2f, 0x66, 0x72, 0x6f,
	0x6e, 0x74, 0x65, 0x6e, 0x64, 0x2f, 0x62, 0x6f, 0x6f, 0x74, 0x63, 0x6f, 0x6e, 0x66, 0x12, 0x6b,
	0x0a, 0x0d, 0x46, 0x72, 0x6f, 0x6e, 0x74, 0x4d, 0x65, 0x73, 0x73, 0x61, 0x67, 0x65, 0x73, 0x12,
	0x1a, 0x2e, 0x72, 0x65, 0x73, 0x74, 0x2e, 0x46, 0x72, 0x6f, 0x6e, 0x74, 0x4d, 0x65, 0x73, 0x73,
	0x61, 0x67, 0x65, 0x73, 0x52, 0x65, 0x71, 0x75, 0x65, 0x73, 0x74, 0x1a, 0x1b, 0x2e, 0x72, 0x65,
	0x73, 0x74, 0x2e, 0x46, 0x72, 0x6f, 0x6e, 0x74, 0x4d, 0x65, 0x73, 0x73, 0x61, 0x67, 0x65, 0x73,
	0x52, 0x65, 0x73, 0x70, 0x6f, 0x6e, 0x73, 0x65, 0x22, 0x21, 0x82, 0xd3, 0xe4, 0x93, 0x02, 0x1b,
	0x12, 0x19, 0x2f, 0x66, 0x72, 0x6f, 0x6e, 0x74, 0x65, 0x6e, 0x64, 0x2f, 0x6d, 0x65, 0x73, 0x73,
	0x61, 0x67, 0x65, 0x73, 0x2f, 0x7b, 0x4c, 0x61, 0x6e, 0x67, 0x7d, 0x12, 0x67, 0x0a, 0x0c, 0x46,
	0x72, 0x6f, 0x6e, 0x74, 0x50, 0x6c, 0x75, 0x67, 0x69, 0x6e, 0x73, 0x12, 0x19, 0x2e, 0x72, 0x65,
	0x73, 0x74, 0x2e, 0x46, 0x72, 0x6f, 0x6e, 0x74, 0x50, 0x6c, 0x75, 0x67, 0x69, 0x6e, 0x73, 0x52,
	0x65, 0x71, 0x75, 0x65, 0x73, 0x74, 0x1a, 0x1a, 0x2e, 0x72, 0x65, 0x73, 0x74, 0x2e, 0x46, 0x72,
	0x6f, 0x6e, 0x74, 0x50, 0x6c, 0x75, 0x67, 0x69, 0x6e, 0x73, 0x52, 0x65, 0x73, 0x70, 0x6f, 0x6e,
	0x73, 0x65, 0x22, 0x20, 0x82, 0xd3, 0xe4, 0x93, 0x02, 0x1a, 0x12, 0x18, 0x2f, 0x66, 0x72, 0x6f,
	0x6e, 0x74, 0x65, 0x6e, 0x64, 0x2f, 0x70, 0x6c, 0x75, 0x67, 0x69, 0x6e, 0x73, 0x2f, 0x7b, 0x4c,
	0x61, 0x6e, 0x67, 0x7d, 0x12, 0x63, 0x0a, 0x0c, 0x46, 0x72, 0x6f, 0x6e, 0x74, 0x53, 0x65, 0x73,
	0x73, 0x69, 0x6f, 0x6e, 0x12, 0x19, 0x2e, 0x72, 0x65, 0x73, 0x74, 0x2e, 0x46, 0x72, 0x6f, 0x6e,
	0x74, 0x53, 0x65, 0x73, 0x73, 0x69, 0x6f, 0x6e, 0x52, 0x65, 0x71, 0x75, 0x65, 0x73, 0x74, 0x1a,
	0x1a, 0x2e, 0x72, 0x65, 0x73, 0x74, 0x2e, 0x46, 0x72, 0x6f, 0x6e, 0x74, 0x53, 0x65, 0x73, 0x73,
	0x69, 0x6f, 0x6e, 0x52, 0x65, 0x73, 0x70, 0x6f, 0x6e, 0x73, 0x65, 0x22, 0x1c, 0x82, 0xd3, 0xe4,
	0x93, 0x02, 0x16, 0x3a, 0x01, 0x2a, 0x22, 0x11, 0x2f, 0x66, 0x72, 0x6f, 0x6e, 0x74, 0x65, 0x6e,
	0x64, 0x2f, 0x73, 0x65, 0x73, 0x73, 0x69, 0x6f, 0x6e, 0x12, 0x6b, 0x0a, 0x0f, 0x46, 0x72, 0x6f,
	0x6e, 0x74, 0x45, 0x6e, 0x72, 0x6f, 0x6c, 0x6c, 0x41, 0x75, 0x74, 0x68, 0x12, 0x1c, 0x2e, 0x72,
	0x65, 0x73, 0x74, 0x2e, 0x46, 0x72, 0x6f, 0x6e, 0x74, 0x45, 0x6e, 0x72, 0x6f, 0x6c, 0x6c, 0x41,
	0x75, 0x74, 0x68, 0x52, 0x65, 0x71, 0x75, 0x65, 0x73, 0x74, 0x1a, 0x1d, 0x2e, 0x72, 0x65, 0x73,
	0x74, 0x2e, 0x46, 0x72, 0x6f, 0x6e, 0x74, 0x45, 0x6e, 0x72, 0x6f, 0x6c, 0x6c, 0x41, 0x75, 0x74,
	0x68, 0x52, 0x65, 0x73, 0x70, 0x6f, 0x6e, 0x73, 0x65, 0x22, 0x1b, 0x82, 0xd3, 0xe4, 0x93, 0x02,
	0x15, 0x3a, 0x01, 0x2a, 0x22, 0x10, 0x2f, 0x66, 0x72, 0x6f, 0x6e, 0x74, 0x65, 0x6e, 0x64, 0x2f,
	0x65, 0x6e, 0x72, 0x6f, 0x6c, 0x6c, 0x12, 0x77, 0x0a, 0x10, 0x46, 0x72, 0x6f, 0x6e, 0x74, 0x53,
	0x65, 0x72, 0x76, 0x65, 0x42, 0x69, 0x6e, 0x61, 0x72, 0x79, 0x12, 0x18, 0x2e, 0x72, 0x65, 0x73,
	0x74, 0x2e, 0x46, 0x72, 0x6f, 0x6e, 0x74, 0x42, 0x69, 0x6e, 0x61, 0x72, 0x79, 0x52, 0x65, 0x71,
	0x75, 0x65, 0x73, 0x74, 0x1a, 0x19, 0x2e, 0x72, 0x65, 0x73, 0x74, 0x2e, 0x46, 0x72, 0x6f, 0x6e,
	0x74, 0x42, 0x69, 0x6e, 0x61, 0x72, 0x79, 0x52, 0x65, 0x73, 0x70, 0x6f, 0x6e, 0x73, 0x65, 0x22,
	0x2e, 0x82, 0xd3, 0xe4, 0x93, 0x02, 0x28, 0x12, 0x26, 0x2f, 0x66, 0x72, 0x6f, 0x6e, 0x74, 0x65,
	0x6e, 0x64, 0x2f, 0x62, 0x69, 0x6e, 0x61, 0x72, 0x69, 0x65, 0x73, 0x2f, 0x7b, 0x42, 0x69, 0x6e,
	0x61, 0x72, 0x79, 0x54, 0x79, 0x70, 0x65, 0x7d, 0x2f, 0x7b, 0x55, 0x75, 0x69, 0x64, 0x7d, 0x12,
	0x75, 0x0a, 0x0e, 0x46, 0x72, 0x6f, 0x6e, 0x74, 0x50, 0x75, 0x74, 0x42, 0x69, 0x6e, 0x61, 0x72,
	0x79, 0x12, 0x18, 0x2e, 0x72, 0x65, 0x73, 0x74, 0x2e, 0x46, 0x72, 0x6f, 0x6e, 0x74, 0x42, 0x69,
	0x6e, 0x61, 0x72, 0x79, 0x52, 0x65, 0x71, 0x75, 0x65, 0x73, 0x74, 0x1a, 0x19, 0x2e, 0x72, 0x65,
	0x73, 0x74, 0x2e, 0x46, 0x72, 0x6f, 0x6e, 0x74, 0x42, 0x69, 0x6e, 0x61, 0x72, 0x79, 0x52, 0x65,
	0x73, 0x70, 0x6f, 0x6e, 0x73, 0x65, 0x22, 0x2e, 0x82, 0xd3, 0xe4, 0x93, 0x02, 0x28, 0x22, 0x26,
	0x2f, 0x66, 0x72, 0x6f, 0x6e, 0x74, 0x65, 0x6e, 0x64, 0x2f, 0x62, 0x69, 0x6e, 0x61, 0x72, 0x69,
	0x65, 0x73, 0x2f, 0x7b, 0x42, 0x69, 0x6e, 0x61, 0x72, 0x79, 0x54, 0x79, 0x70, 0x65, 0x7d, 0x2f,
	0x7b, 0x55, 0x75, 0x69, 0x64, 0x7d, 0x12, 0x66, 0x0a, 0x0c, 0x53, 0x65, 0x74, 0x74, 0x69, 0x6e,
	0x67, 0x73, 0x4d, 0x65, 0x6e, 0x75, 0x12, 0x19, 0x2e, 0x72, 0x65, 0x73, 0x74, 0x2e, 0x53, 0x65,
	0x74, 0x74, 0x69, 0x6e, 0x67, 0x73, 0x4d, 0x65, 0x6e, 0x75, 0x52, 0x65, 0x71, 0x75, 0x65, 0x73,
	0x74, 0x1a, 0x1a, 0x2e, 0x72, 0x65, 0x73, 0x74, 0x2e, 0x53, 0x65, 0x74, 0x74, 0x69, 0x6e, 0x67,
	0x73, 0x4d, 0x65, 0x6e, 0x75, 0x52, 0x65, 0x73, 0x70, 0x6f, 0x6e, 0x73, 0x65, 0x22, 0x1f, 0x82,
	0xd3, 0xe4, 0x93, 0x02, 0x19, 0x12, 0x17, 0x2f, 0x66, 0x72, 0x6f, 0x6e, 0x74, 0x65, 0x6e, 0x64,
	0x2f, 0x73, 0x65, 0x74, 0x74, 0x69, 0x6e, 0x67, 0x73, 0x2d, 0x6d, 0x65, 0x6e, 0x75, 0x32, 0xf9,
	0x03, 0x0a, 0x0d, 0x48, 0x65, 0x61, 0x6c, 0x74, 0x68, 0x53, 0x65, 0x72, 0x76, 0x69, 0x63, 0x65,
	0x12, 0x58, 0x0a, 0x07, 0x41, 0x70, 0x69, 0x50, 0x69, 0x6e, 0x67, 0x12, 0x1a, 0x2e, 0x72, 0x65,
	0x73, 0x74, 0x2e, 0x48, 0x65, 0x61, 0x6c, 0x74, 0x68, 0x53, 0x65, 0x72, 0x76, 0x69, 0x63, 0x65,
	0x52, 0x65, 0x71, 0x75, 0x65, 0x73, 0x74, 0x1a, 0x1b, 0x2e, 0x72, 0x65, 0x73, 0x74, 0x2e, 0x48,
	0x65, 0x61, 0x6c, 0x74, 0x68, 0x53, 0x65, 0x72, 0x76, 0x69, 0x63, 0x65, 0x52, 0x65, 0x73, 0x70,
	0x6f, 0x6e, 0x73, 0x65, 0x22, 0x14, 0x82, 0xd3, 0xe4, 0x93, 0x02, 0x0e, 0x12, 0x0c, 0x2f, 0x68,
	0x65, 0x61, 0x6c, 0x74, 0x68, 0x2f, 0x70, 0x69, 0x6e, 0x67, 0x12, 0x58, 0x0a, 0x07, 0x41, 0x70,
	0x69, 0x4c, 0x69, 0x76, 0x65, 0x12, 0x1a, 0x2e, 0x72, 0x65, 0x73, 0x74, 0x2e, 0x48, 0x65, 0x61,
	0x6c, 0x74, 0x68, 0x53, 0x65, 0x72, 0x76, 0x69, 0x63, 0x65, 0x52, 0x65, 0x71, 0x75, 0x65, 0x73,
	0x74, 0x1a, 0x1b, 0x2e, 0x72, 0x65, 0x73, 0x74, 0x2e, 0x48, 0x65, 0x61, 0x6c, 0x74, 0x68, 0x53,
	0x65, 0x72, 0x76, 0x69, 0x63, 0x65, 0x52, 0x65, 0x73, 0x70, 0x6f, 0x6e, 0x73, 0x65, 0x22, 0x14,
	0x82, 0xd3, 0xe4, 0x93, 0x02, 0x0e, 0x12, 0x0c, 0x2f, 0x68, 0x65, 0x61, 0x6c, 0x74, 0x68, 0x2f,
	0x6c, 0x69, 0x76, 0x65, 0x12, 0x5a, 0x0a, 0x08, 0x41, 0x70, 0x69, 0x52, 0x65, 0x61, 0x64, 0x79,
	0x12, 0x1a, 0x2e, 0x72, 0x65, 0x73, 0x74, 0x2e, 0x48, 0x65, 0x61, 0x6c, 0x74, 0x68, 0x53, 0x65,
	0x72, 0x76, 0x69, 0x63, 0x65, 0x52, 0x65, 0x71, 0x75, 0x65, 0x73, 0x74, 0x1a, 0x1b, 0x2e, 0x72,
	0x65, 0x73, 0x74, 0x2e, 0x48, 0x65, 0x61, 0x6c, 0x74, 0x68, 0x53, 0x65, 0x72, 0x76, 0x69, 0x63,
	0x65, 0x52, 0x65, 0x73, 0x70, 0x6f, 0x6e, 0x73, 0x65, 0x22, 0x15, 0x82, 0xd3, 0xe4, 0x93, 0x02,
	0x0f, 0x12, 0x0d, 0x2f, 0x68, 0x65, 0x61, 0x6c, 0x74, 0x68, 0x2f, 0x72, 0x65, 0x61, 0x64, 0x79,
	0x12, 0x6a, 0x0a, 0x0b, 0x53, 0x65, 0x72, 0x76, 0x69, 0x63, 0x65, 0x4c, 0x69, 0x76, 0x65, 0x12,
	0x1a, 0x2e, 0x72, 0x65, 0x73, 0x74, 0x2e, 0x48, 0x65, 0x61, 0x6c, 0x74, 0x68, 0x53, 0x65, 0x72,
	0x76, 0x69, 0x63, 0x65, 0x52, 0x65, 0x71, 0x75, 0x65, 0x73, 0x74, 0x1a, 0x1b, 0x2e, 0x72, 0x65,
	0x73, 0x74, 0x2e, 0x48, 0x65, 0x61, 0x6c, 0x74, 0x68, 0x53, 0x65, 0x72, 0x76, 0x69, 0x63, 0x65,
	0x52, 0x65, 0x73, 0x70, 0x6f, 0x6e, 0x73, 0x65, 0x22, 0x22, 0x82, 0xd3, 0xe4, 0x93, 0x02, 0x1c,
	0x12, 0x1a, 0x2f, 0x68, 0x65, 0x61, 0x6c, 0x74, 0x68, 0x2f, 0x7b, 0x53, 0x65, 0x72, 0x76, 0x69,
	0x63, 0x65, 0x4e, 0x61, 0x6d, 0x65, 0x7d, 0x2f, 0x6c, 0x69, 0x76, 0x65, 0x12, 0x6c, 0x0a, 0x0c,
	0x53, 0x65, 0x72, 0x76, 0x69, 0x63, 0x65, 0x52, 0x65, 0x61, 0x64, 0x79, 0x12, 0x1a, 0x2e, 0x72,
	0x65, 0x73, 0x74, 0x2e, 0x48, 0x65, 0x61, 0x6c, 0x74, 0x68, 0x53, 0x65, 0x72, 0x76, 0x69, 0x63,
	0x65, 0x52, 0x65, 0x71, 0x75, 0x65, 0x73, 0x74, 0x1a, 0x1b, 0x2e, 0x72, 0x65, 0x73, 0x74, 0x2e,
	0x48, 0x65, 0x61, 0x6c, 0x74, 0x68, 0x53, 0x65, 0x72, 0x76, 0x69, 0x63, 0x65, 0x52, 0x65, 0x73,
	0x70, 0x6f, 0x6e, 0x73, 0x65, 0x22, 0x23, 0x82, 0xd3, 0xe4, 0x93, 0x02, 0x1d, 0x12, 0x1b, 0x2f,
	0x68, 0x65, 0x61, 0x6c, 0x74, 0x68, 0x2f, 0x7b, 0x53, 0x65, 0x72, 0x76, 0x69, 0x63, 0x65, 0x4e,
	0x61, 0x6d, 0x65, 0x7d, 0x2f, 0x72, 0x65, 0x61, 0x64, 0x79, 0x42, 0xc5, 0x01, 0x92, 0x41, 0x94,
	0x01, 0x12, 0x37, 0x0a, 0x14, 0x50, 0x79, 0x64, 0x69, 0x6f, 0x20, 0x43, 0x65, 0x6c, 0x6c, 0x73,
	0x20, 0x52, 0x65, 0x73, 0x74, 0x20, 0x41, 0x50, 0x49, 0x22, 0x1a, 0x0a, 0x05, 0x50, 0x79, 0x64,
	0x69, 0x6f, 0x12, 0x11, 0x68, 0x74, 0x74, 0x70, 0x73, 0x3a, 0x2f, 0x2f, 0x70, 0x79, 0x64, 0x69,
	0x6f, 0x2e, 0x63, 0x6f, 0x6d, 0x32, 0x03, 0x34, 0x2e, 0x30, 0x2a, 0x03, 0x01, 0x02, 0x04, 0x32,
	0x10, 0x61, 0x70, 0x70, 0x6c, 0x69, 0x63, 0x61, 0x74, 0x69, 0x6f, 0x6e, 0x2f, 0x6a, 0x73, 0x6f,
	0x6e, 0x3a, 0x10, 0x61, 0x70, 0x70, 0x6c, 0x69, 0x63, 0x61, 0x74, 0x69, 0x6f, 0x6e, 0x2f, 0x6a,
	0x73, 0x6f, 0x6e, 0x72, 0x30, 0x0a, 0x1b, 0x4d, 0x6f, 0x72, 0x65, 0x20, 0x61, 0x62, 0x6f, 0x75,
	0x74, 0x20, 0x50, 0x79, 0x64, 0x69, 0x6f, 0x20, 0x43, 0x65, 0x6c, 0x6c, 0x73, 0x20, 0x41, 0x70,
	0x69, 0x73, 0x12, 0x11, 0x68, 0x74, 0x74, 0x70, 0x73, 0x3a, 0x2f, 0x2f, 0x70, 0x79, 0x64, 0x69,
	0x6f, 0x2e, 0x63, 0x6f, 0x6d, 0x5a, 0x2b, 0x67, 0x69, 0x74, 0x68, 0x75, 0x62, 0x2e, 0x63, 0x6f,
	0x6d, 0x2f, 0x70, 0x79, 0x64, 0x69, 0x6f, 0x2f, 0x63, 0x65, 0x6c, 0x6c, 0x73, 0x2f, 0x76, 0x35,
	0x2f, 0x63, 0x6f, 0x6d, 0x6d, 0x6f, 0x6e, 0x2f, 0x70, 0x72, 0x6f, 0x74, 0x6f, 0x2f, 0x72, 0x65,
	0x73, 0x74, 0x62, 0x06, 0x70, 0x72, 0x6f, 0x74, 0x6f, 0x33,
}

var (
	file_cellsapi_rest_proto_rawDescOnce sync.Once
	file_cellsapi_rest_proto_rawDescData = file_cellsapi_rest_proto_rawDesc
)

func file_cellsapi_rest_proto_rawDescGZIP() []byte {
	file_cellsapi_rest_proto_rawDescOnce.Do(func() {
		file_cellsapi_rest_proto_rawDescData = protoimpl.X.CompressGZIP(file_cellsapi_rest_proto_rawDescData)
	})
	return file_cellsapi_rest_proto_rawDescData
}

var file_cellsapi_rest_proto_msgTypes = make([]protoimpl.MessageInfo, 5)
var file_cellsapi_rest_proto_goTypes = []any{
	(*DeleteWorkspaceRequest)(nil),              // 0: rest.DeleteWorkspaceRequest
	(*HealthServiceRequest)(nil),                // 1: rest.HealthServiceRequest
	(*ComponentStatus)(nil),                     // 2: rest.ComponentStatus
	(*HealthServiceResponse)(nil),               // 3: rest.HealthServiceResponse
	nil,                                         // 4: rest.HealthServiceResponse.ComponentsEntry
	(*Configuration)(nil),                       // 5: rest.Configuration
	(*object.DataSource)(nil),                   // 6: object.DataSource
	(*ListDataSourceRequest)(nil),               // 7: rest.ListDataSourceRequest
	(*ListVersioningPolicyRequest)(nil),         // 8: rest.ListVersioningPolicyRequest
	(*tree.VersioningPolicy)(nil),               // 9: tree.VersioningPolicy
	(*ListVirtualNodesRequest)(nil),             // 10: rest.ListVirtualNodesRequest
	(*ListServiceRequest)(nil),                  // 11: rest.ListServiceRequest
	(*ControlServiceRequest)(nil),               // 12: rest.ControlServiceRequest
	(*registry.ListRequest)(nil),                // 13: registry.ListRequest
	(*ListPeersAddressesRequest)(nil),           // 14: rest.ListPeersAddressesRequest
	(*ListPeerFoldersRequest)(nil),              // 15: rest.ListPeerFoldersRequest
	(*CreatePeerFolderRequest)(nil),             // 16: rest.CreatePeerFolderRequest
	(*ListStorageBucketsRequest)(nil),           // 17: rest.ListStorageBucketsRequest
	(*CreateStorageBucketRequest)(nil),          // 18: rest.CreateStorageBucketRequest
	(*ListProcessesRequest)(nil),                // 19: rest.ListProcessesRequest
	(*encryption.AdminListKeysRequest)(nil),     // 20: encryption.AdminListKeysRequest
	(*encryption.AdminCreateKeyRequest)(nil),    // 21: encryption.AdminCreateKeyRequest
	(*encryption.AdminDeleteKeyRequest)(nil),    // 22: encryption.AdminDeleteKeyRequest
	(*encryption.AdminExportKeyRequest)(nil),    // 23: encryption.AdminExportKeyRequest
	(*encryption.AdminImportKeyRequest)(nil),    // 24: encryption.AdminImportKeyRequest
	(*DiscoveryRequest)(nil),                    // 25: rest.DiscoveryRequest
	(*ConfigFormRequest)(nil),                   // 26: rest.ConfigFormRequest
	(*SchedulerActionsRequest)(nil),             // 27: rest.SchedulerActionsRequest
	(*SchedulerActionFormRequest)(nil),          // 28: rest.SchedulerActionFormRequest
	(*ListSitesRequest)(nil),                    // 29: rest.ListSitesRequest
	(*idm.Role)(nil),                            // 30: idm.Role
	(*SearchRoleRequest)(nil),                   // 31: rest.SearchRoleRequest
	(*idm.User)(nil),                            // 32: idm.User
	(*SearchUserRequest)(nil),                   // 33: rest.SearchUserRequest
	(*idm.ACL)(nil),                             // 34: idm.ACL
	(*SearchACLRequest)(nil),                    // 35: rest.SearchACLRequest
	(*idm.ListPolicyGroupsRequest)(nil),         // 36: idm.ListPolicyGroupsRequest
	(*idm.Workspace)(nil),                       // 37: idm.Workspace
	(*SearchWorkspaceRequest)(nil),              // 38: rest.SearchWorkspaceRequest
	(*activity.StreamActivitiesRequest)(nil),    // 39: activity.StreamActivitiesRequest
	(*activity.Subscription)(nil),               // 40: activity.Subscription
	(*activity.SearchSubscriptionsRequest)(nil), // 41: activity.SearchSubscriptionsRequest
	(*log.ListLogRequest)(nil),                  // 42: log.ListLogRequest
	(*RevokeRequest)(nil),                       // 43: rest.RevokeRequest
	(*ResetPasswordTokenRequest)(nil),           // 44: rest.ResetPasswordTokenRequest
	(*ResetPasswordRequest)(nil),                // 45: rest.ResetPasswordRequest
	(*DocumentAccessTokenRequest)(nil),          // 46: rest.DocumentAccessTokenRequest
	(*mailer.Mail)(nil),                         // 47: mailer.Mail
	(*tree.SearchRequest)(nil),                  // 48: tree.SearchRequest
	(*GetBulkMetaRequest)(nil),                  // 49: rest.GetBulkMetaRequest
	(*CreateNodesRequest)(nil),                  // 50: rest.CreateNodesRequest
	(*HeadNodeRequest)(nil),                     // 51: rest.HeadNodeRequest
	(*DeleteNodesRequest)(nil),                  // 52: rest.DeleteNodesRequest
	(*RestoreNodesRequest)(nil),                 // 53: rest.RestoreNodesRequest
	(*CreateSelectionRequest)(nil),              // 54: rest.CreateSelectionRequest
	(*ListTemplatesRequest)(nil),                // 55: rest.ListTemplatesRequest
	(*MetaNamespaceRequest)(nil),                // 56: rest.MetaNamespaceRequest
	(*MetaCollection)(nil),                      // 57: rest.MetaCollection
	(*idm.UpdateUserMetaRequest)(nil),           // 58: idm.UpdateUserMetaRequest
	(*idm.SearchUserMetaRequest)(nil),           // 59: idm.SearchUserMetaRequest
	(*UserBookmarksRequest)(nil),                // 60: rest.UserBookmarksRequest
	(*idm.UpdateUserMetaNamespaceRequest)(nil),  // 61: idm.UpdateUserMetaNamespaceRequest
	(*idm.ListUserMetaNamespaceRequest)(nil),    // 62: idm.ListUserMetaNamespaceRequest
	(*idm.GetFieldSchemaRequest)(nil),           // 63: idm.GetFieldSchemaRequest
	(*idm.GetNamespaceSchemaRequest)(nil),       // 64: idm.GetNamespaceSchemaRequest
	(*ListUserMetaTagsRequest)(nil),             // 65: rest.ListUserMetaTagsRequest
	(*PutUserMetaTagRequest)(nil),               // 66: rest.PutUserMetaTagRequest
	(*DeleteUserMetaTagsRequest)(nil),           // 67: rest.DeleteUserMetaTagsRequest
	(*UserJobRequest)(nil),                      // 68: rest.UserJobRequest
	(*jobs.ListJobsRequest)(nil),                // 69: jobs.ListJobsRequest
	(*jobs.CtrlCommand)(nil),                    // 70: jobs.CtrlCommand
	(*jobs.DeleteTasksRequest)(nil),             // 71: jobs.DeleteTasksRequest
	(*tree.ListNodesRequest)(nil),               // 72: tree.ListNodesRequest
	(*tree.ReadNodeRequest)(nil),                // 73: tree.ReadNodeRequest
	(*UserStateRequest)(nil),                    // 74: rest.UserStateRequest
	(*RelationRequest)(nil),                     // 75: rest.RelationRequest
	(*RecommendRequest)(nil),                    // 76: rest.RecommendRequest
	(*PutCellRequest)(nil),                      // 77: rest.PutCellRequest
	(*GetCellRequest)(nil),                      // 78: rest.GetCellRequest
	(*DeleteCellRequest)(nil),                   // 79: rest.DeleteCellRequest
	(*PutShareLinkRequest)(nil),                 // 80: rest.PutShareLinkRequest
	(*GetShareLinkRequest)(nil),                 // 81: rest.GetShareLinkRequest
	(*DeleteShareLinkRequest)(nil),              // 82: rest.DeleteShareLinkRequest
	(*ListSharedResourcesRequest)(nil),          // 83: rest.ListSharedResourcesRequest
	(*UpdateSharePoliciesRequest)(nil),          // 84: rest.UpdateSharePoliciesRequest
	(*install.GetDefaultsRequest)(nil),          // 85: install.GetDefaultsRequest
	(*install.InstallRequest)(nil),              // 86: install.InstallRequest
	(*install.PerformCheckRequest)(nil),         // 87: install.PerformCheckRequest
	(*install.GetAgreementRequest)(nil),         // 88: install.GetAgreementRequest
	(*install.InstallEventsRequest)(nil),        // 89: install.InstallEventsRequest
	(*update.UpdateRequest)(nil),                // 90: update.UpdateRequest
	(*update.ApplyUpdateRequest)(nil),           // 91: update.ApplyUpdateRequest
	(*FrontStateRequest)(nil),                   // 92: rest.FrontStateRequest
	(*FrontBootConfRequest)(nil),                // 93: rest.FrontBootConfRequest
	(*FrontMessagesRequest)(nil),                // 94: rest.FrontMessagesRequest
	(*FrontPluginsRequest)(nil),                 // 95: rest.FrontPluginsRequest
	(*FrontSessionRequest)(nil),                 // 96: rest.FrontSessionRequest
	(*FrontEnrollAuthRequest)(nil),              // 97: rest.FrontEnrollAuthRequest
	(*FrontBinaryRequest)(nil),                  // 98: rest.FrontBinaryRequest
	(*SettingsMenuRequest)(nil),                 // 99: rest.SettingsMenuRequest
	(*DeleteDataSourceResponse)(nil),            // 100: rest.DeleteDataSourceResponse
	(*DataSourceCollection)(nil),                // 101: rest.DataSourceCollection
	(*VersioningPolicyCollection)(nil),          // 102: rest.VersioningPolicyCollection
	(*NodesCollection)(nil),                     // 103: rest.NodesCollection
	(*ServiceCollection)(nil),                   // 104: rest.ServiceCollection
	(*ctl.Service)(nil),                         // 105: ctl.Service
	(*registry.ListResponse)(nil),               // 106: registry.ListResponse
	(*ListPeersAddressesResponse)(nil),          // 107: rest.ListPeersAddressesResponse
	(*CreatePeerFolderResponse)(nil),            // 108: rest.CreatePeerFolderResponse
	(*CreateStorageBucketResponse)(nil),         // 109: rest.CreateStorageBucketResponse
	(*ListProcessesResponse)(nil),               // 110: rest.ListProcessesResponse
	(*encryption.AdminListKeysResponse)(nil),    // 111: encryption.AdminListKeysResponse
	(*encryption.AdminCreateKeyResponse)(nil),   // 112: encryption.AdminCreateKeyResponse
	(*encryption.AdminDeleteKeyResponse)(nil),   // 113: encryption.AdminDeleteKeyResponse
	(*encryption.AdminExportKeyResponse)(nil),   // 114: encryption.AdminExportKeyResponse
	(*encryption.AdminImportKeyResponse)(nil),   // 115: encryption.AdminImportKeyResponse
	(*DiscoveryResponse)(nil),                   // 116: rest.DiscoveryResponse
	(*OpenApiResponse)(nil),                     // 117: rest.OpenApiResponse
	(*SchedulerActionsResponse)(nil),            // 118: rest.SchedulerActionsResponse
	(*SchedulerActionFormResponse)(nil),         // 119: rest.SchedulerActionFormResponse
	(*ListSitesResponse)(nil),                   // 120: rest.ListSitesResponse
	(*RolesCollection)(nil),                     // 121: rest.RolesCollection
	(*DeleteResponse)(nil),                      // 122: rest.DeleteResponse
	(*UsersCollection)(nil),                     // 123: rest.UsersCollection
	(*ACLCollection)(nil),                       // 124: rest.ACLCollection
	(*idm.ListPolicyGroupsResponse)(nil),        // 125: idm.ListPolicyGroupsResponse
	(*WorkspaceCollection)(nil),                 // 126: rest.WorkspaceCollection
	(*activity.Object)(nil),                     // 127: activity.Object
	(*SubscriptionsCollection)(nil),             // 128: rest.SubscriptionsCollection
	(*LogMessageCollection)(nil),                // 129: rest.LogMessageCollection
	(*RevokeResponse)(nil),                      // 130: rest.RevokeResponse
	(*ResetPasswordTokenResponse)(nil),          // 131: rest.ResetPasswordTokenResponse
	(*ResetPasswordResponse)(nil),               // 132: rest.ResetPasswordResponse
	(*DocumentAccessTokenResponse)(nil),         // 133: rest.DocumentAccessTokenResponse
	(*mailer.SendMailResponse)(nil),             // 134: mailer.SendMailResponse
	(*SearchResults)(nil),                       // 135: rest.SearchResults
	(*BulkMetaResponse)(nil),                    // 136: rest.BulkMetaResponse
	(*HeadNodeResponse)(nil),                    // 137: rest.HeadNodeResponse
	(*DeleteNodesResponse)(nil),                 // 138: rest.DeleteNodesResponse
	(*RestoreNodesResponse)(nil),                // 139: rest.RestoreNodesResponse
	(*CreateSelectionResponse)(nil),             // 140: rest.CreateSelectionResponse
	(*ListTemplatesResponse)(nil),               // 141: rest.ListTemplatesResponse
	(*tree.Node)(nil),                           // 142: tree.Node
	(*idm.UpdateUserMetaResponse)(nil),          // 143: idm.UpdateUserMetaResponse
	(*UserMetaCollection)(nil),                  // 144: rest.UserMetaCollection
	(*idm.UpdateUserMetaNamespaceResponse)(nil), // 145: idm.UpdateUserMetaNamespaceResponse
	(*UserMetaNamespaceCollection)(nil),         // 146: rest.UserMetaNamespaceCollection
	(*idm.JsonSchemaResponse)(nil),              // 147: idm.JsonSchemaResponse
	(*ListUserMetaTagsResponse)(nil),            // 148: rest.ListUserMetaTagsResponse
	(*PutUserMetaTagResponse)(nil),              // 149: rest.PutUserMetaTagResponse
	(*DeleteUserMetaTagsResponse)(nil),          // 150: rest.DeleteUserMetaTagsResponse
	(*UserJobResponse)(nil),                     // 151: rest.UserJobResponse
	(*UserJobsCollection)(nil),                  // 152: rest.UserJobsCollection
	(*jobs.CtrlCommandResponse)(nil),            // 153: jobs.CtrlCommandResponse
	(*jobs.DeleteTasksResponse)(nil),            // 154: jobs.DeleteTasksResponse
	(*tree.ReadNodeResponse)(nil),               // 155: tree.ReadNodeResponse
	(*UserStateResponse)(nil),                   // 156: rest.UserStateResponse
	(*RelationResponse)(nil),                    // 157: rest.RelationResponse
	(*RecommendResponse)(nil),                   // 158: rest.RecommendResponse
	(*Cell)(nil),                                // 159: rest.Cell
	(*DeleteCellResponse)(nil),                  // 160: rest.DeleteCellResponse
	(*ShareLink)(nil),                           // 161: rest.ShareLink
	(*DeleteShareLinkResponse)(nil),             // 162: rest.DeleteShareLinkResponse
	(*ListSharedResourcesResponse)(nil),         // 163: rest.ListSharedResourcesResponse
	(*UpdateSharePoliciesResponse)(nil),         // 164: rest.UpdateSharePoliciesResponse
	(*install.GetDefaultsResponse)(nil),         // 165: install.GetDefaultsResponse
	(*install.InstallResponse)(nil),             // 166: install.InstallResponse
	(*install.PerformCheckResponse)(nil),        // 167: install.PerformCheckResponse
	(*install.GetAgreementResponse)(nil),        // 168: install.GetAgreementResponse
	(*install.InstallEventsResponse)(nil),       // 169: install.InstallEventsResponse
	(*update.UpdateResponse)(nil),               // 170: update.UpdateResponse
	(*update.ApplyUpdateResponse)(nil),          // 171: update.ApplyUpdateResponse
	(*FrontStateResponse)(nil),                  // 172: rest.FrontStateResponse
	(*FrontBootConfResponse)(nil),               // 173: rest.FrontBootConfResponse
	(*FrontMessagesResponse)(nil),               // 174: rest.FrontMessagesResponse
	(*FrontPluginsResponse)(nil),                // 175: rest.FrontPluginsResponse
	(*FrontSessionResponse)(nil),                // 176: rest.FrontSessionResponse
	(*FrontEnrollAuthResponse)(nil),             // 177: rest.FrontEnrollAuthResponse
	(*FrontBinaryResponse)(nil),                 // 178: rest.FrontBinaryResponse
	(*SettingsMenuResponse)(nil),                // 179: rest.SettingsMenuResponse
}
var file_cellsapi_rest_proto_depIdxs = []int32{
	4,   // 0: rest.HealthServiceResponse.Components:type_name -> rest.HealthServiceResponse.ComponentsEntry
	2,   // 1: rest.HealthServiceResponse.ComponentsEntry.value:type_name -> rest.ComponentStatus
	5,   // 2: rest.ConfigService.PutConfig:input_type -> rest.Configuration
	5,   // 3: rest.ConfigService.GetConfig:input_type -> rest.Configuration
	6,   // 4: rest.ConfigService.PutDataSource:input_type -> object.DataSource
	6,   // 5: rest.ConfigService.GetDataSource:input_type -> object.DataSource
	6,   // 6: rest.ConfigService.DeleteDataSource:input_type -> object.DataSource
	7,   // 7: rest.ConfigService.ListDataSources:input_type -> rest.ListDataSourceRequest
	8,   // 8: rest.ConfigService.ListVersioningPolicies:input_type -> rest.ListVersioningPolicyRequest
	9,   // 9: rest.ConfigService.GetVersioningPolicy:input_type -> tree.VersioningPolicy
	10,  // 10: rest.ConfigService.ListVirtualNodes:input_type -> rest.ListVirtualNodesRequest
	11,  // 11: rest.ConfigService.ListServices:input_type -> rest.ListServiceRequest
	12,  // 12: rest.ConfigService.ControlService:input_type -> rest.ControlServiceRequest
	13,  // 13: rest.ConfigService.ListRegistry:input_type -> registry.ListRequest
	14,  // 14: rest.ConfigService.ListPeersAddresses:input_type -> rest.ListPeersAddressesRequest
	15,  // 15: rest.ConfigService.ListPeerFolders:input_type -> rest.ListPeerFoldersRequest
	16,  // 16: rest.ConfigService.CreatePeerFolder:input_type -> rest.CreatePeerFolderRequest
	17,  // 17: rest.ConfigService.ListStorageBuckets:input_type -> rest.ListStorageBucketsRequest
	18,  // 18: rest.ConfigService.CreateStorageBucket:input_type -> rest.CreateStorageBucketRequest
	19,  // 19: rest.ConfigService.ListProcesses:input_type -> rest.ListProcessesRequest
	20,  // 20: rest.ConfigService.ListEncryptionKeys:input_type -> encryption.AdminListKeysRequest
	21,  // 21: rest.ConfigService.CreateEncryptionKey:input_type -> encryption.AdminCreateKeyRequest
	22,  // 22: rest.ConfigService.DeleteEncryptionKey:input_type -> encryption.AdminDeleteKeyRequest
	23,  // 23: rest.ConfigService.ExportEncryptionKey:input_type -> encryption.AdminExportKeyRequest
	24,  // 24: rest.ConfigService.ImportEncryptionKey:input_type -> encryption.AdminImportKeyRequest
	25,  // 25: rest.ConfigService.EndpointsDiscovery:input_type -> rest.DiscoveryRequest
	25,  // 26: rest.ConfigService.OpenApiDiscovery:input_type -> rest.DiscoveryRequest
	26,  // 27: rest.ConfigService.ConfigFormsDiscovery:input_type -> rest.ConfigFormRequest
	27,  // 28: rest.ConfigService.SchedulerActionsDiscovery:input_type -> rest.SchedulerActionsRequest
	28,  // 29: rest.ConfigService.SchedulerActionFormDiscovery:input_type -> rest.SchedulerActionFormRequest
	29,  // 30: rest.ConfigService.ListSites:input_type -> rest.ListSitesRequest
	30,  // 31: rest.RoleService.SetRole:input_type -> idm.Role
	30,  // 32: rest.RoleService.DeleteRole:input_type -> idm.Role
	30,  // 33: rest.RoleService.GetRole:input_type -> idm.Role
	31,  // 34: rest.RoleService.SearchRoles:input_type -> rest.SearchRoleRequest
	32,  // 35: rest.UserService.PutUser:input_type -> idm.User
	32,  // 36: rest.UserService.DeleteUser:input_type -> idm.User
	32,  // 37: rest.UserService.GetUser:input_type -> idm.User
	33,  // 38: rest.UserService.SearchUsers:input_type -> rest.SearchUserRequest
	32,  // 39: rest.UserService.PutRoles:input_type -> idm.User
	34,  // 40: rest.ACLService.PutAcl:input_type -> idm.ACL
	34,  // 41: rest.ACLService.DeleteAcl:input_type -> idm.ACL
	35,  // 42: rest.ACLService.SearchAcls:input_type -> rest.SearchACLRequest
	36,  // 43: rest.PolicyService.ListPolicies:input_type -> idm.ListPolicyGroupsRequest
	37,  // 44: rest.WorkspaceService.PutWorkspace:input_type -> idm.Workspace
	0,   // 45: rest.WorkspaceService.DeleteWorkspace:input_type -> rest.DeleteWorkspaceRequest
	38,  // 46: rest.WorkspaceService.SearchWorkspaces:input_type -> rest.SearchWorkspaceRequest
	39,  // 47: rest.ActivityService.Stream:input_type -> activity.StreamActivitiesRequest
	40,  // 48: rest.ActivityService.Subscribe:input_type -> activity.Subscription
	41,  // 49: rest.ActivityService.SearchSubscriptions:input_type -> activity.SearchSubscriptionsRequest
	42,  // 50: rest.LogService.Syslog:input_type -> log.ListLogRequest
	43,  // 51: rest.TokenService.Revoke:input_type -> rest.RevokeRequest
	44,  // 52: rest.TokenService.ResetPasswordToken:input_type -> rest.ResetPasswordTokenRequest
	45,  // 53: rest.TokenService.ResetPassword:input_type -> rest.ResetPasswordRequest
	46,  // 54: rest.TokenService.GenerateDocumentAccessToken:input_type -> rest.DocumentAccessTokenRequest
	47,  // 55: rest.MailerService.Send:input_type -> mailer.Mail
	48,  // 56: rest.SearchService.Nodes:input_type -> tree.SearchRequest
	49,  // 57: rest.TreeService.BulkStatNodes:input_type -> rest.GetBulkMetaRequest
	50,  // 58: rest.TreeService.CreateNodes:input_type -> rest.CreateNodesRequest
	51,  // 59: rest.TreeService.HeadNode:input_type -> rest.HeadNodeRequest
	52,  // 60: rest.TreeService.DeleteNodes:input_type -> rest.DeleteNodesRequest
	53,  // 61: rest.TreeService.RestoreNodes:input_type -> rest.RestoreNodesRequest
	54,  // 62: rest.TreeService.CreateSelection:input_type -> rest.CreateSelectionRequest
	55,  // 63: rest.TemplatesService.ListTemplates:input_type -> rest.ListTemplatesRequest
	56,  // 64: rest.MetaService.GetMeta:input_type -> rest.MetaNamespaceRequest
	57,  // 65: rest.MetaService.SetMeta:input_type -> rest.MetaCollection
	56,  // 66: rest.MetaService.DeleteMeta:input_type -> rest.MetaNamespaceRequest
	49,  // 67: rest.MetaService.GetBulkMeta:input_type -> rest.GetBulkMetaRequest
	58,  // 68: rest.UserMetaService.UpdateUserMeta:input_type -> idm.UpdateUserMetaRequest
	59,  // 69: rest.UserMetaService.SearchUserMeta:input_type -> idm.SearchUserMetaRequest
	60,  // 70: rest.UserMetaService.UserBookmarks:input_type -> rest.UserBookmarksRequest
	61,  // 71: rest.UserMetaService.UpdateUserMetaNamespace:input_type -> idm.UpdateUserMetaNamespaceRequest
	62,  // 72: rest.UserMetaService.ListUserMetaNamespace:input_type -> idm.ListUserMetaNamespaceRequest
	63,  // 73: rest.UserMetaService.GetFieldSchema:input_type -> idm.GetFieldSchemaRequest
	64,  // 74: rest.UserMetaService.GetNamespaceSchema:input_type -> idm.GetNamespaceSchemaRequest
	65,  // 75: rest.UserMetaService.ListUserMetaTags:input_type -> rest.ListUserMetaTagsRequest
	66,  // 76: rest.UserMetaService.PutUserMetaTag:input_type -> rest.PutUserMetaTagRequest
	67,  // 77: rest.UserMetaService.DeleteUserMetaTags:input_type -> rest.DeleteUserMetaTagsRequest
	68,  // 78: rest.JobsService.UserCreateJob:input_type -> rest.UserJobRequest
	69,  // 79: rest.JobsService.UserListJobs:input_type -> jobs.ListJobsRequest
	70,  // 80: rest.JobsService.UserControlJob:input_type -> jobs.CtrlCommand
	71,  // 81: rest.JobsService.UserDeleteTasks:input_type -> jobs.DeleteTasksRequest
	42,  // 82: rest.JobsService.ListTasksLogs:input_type -> log.ListLogRequest
	72,  // 83: rest.AdminTreeService.ListAdminTree:input_type -> tree.ListNodesRequest
	73,  // 84: rest.AdminTreeService.StatAdminTree:input_type -> tree.ReadNodeRequest
	74,  // 85: rest.GraphService.UserState:input_type -> rest.UserStateRequest
	75,  // 86: rest.GraphService.Relation:input_type -> rest.RelationRequest
	76,  // 87: rest.GraphService.Recommend:input_type -> rest.RecommendRequest
	77,  // 88: rest.ShareService.PutCell:input_type -> rest.PutCellRequest
	78,  // 89: rest.ShareService.GetCell:input_type -> rest.GetCellRequest
	79,  // 90: rest.ShareService.DeleteCell:input_type -> rest.DeleteCellRequest
	80,  // 91: rest.ShareService.PutShareLink:input_type -> rest.PutShareLinkRequest
	81,  // 92: rest.ShareService.GetShareLink:input_type -> rest.GetShareLinkRequest
	82,  // 93: rest.ShareService.DeleteShareLink:input_type -> rest.DeleteShareLinkRequest
	83,  // 94: rest.ShareService.ListSharedResources:input_type -> rest.ListSharedResourcesRequest
	84,  // 95: rest.ShareService.UpdateSharePolicies:input_type -> rest.UpdateSharePoliciesRequest
	85,  // 96: rest.InstallService.GetInstall:input_type -> install.GetDefaultsRequest
	86,  // 97: rest.InstallService.PostInstall:input_type -> install.InstallRequest
	87,  // 98: rest.InstallService.PerformInstallCheck:input_type -> install.PerformCheckRequest
	88,  // 99: rest.InstallService.GetAgreement:input_type -> install.GetAgreementRequest
	89,  // 100: rest.InstallService.InstallEvents:input_type -> install.InstallEventsRequest
	90,  // 101: rest.UpdateService.UpdateRequired:input_type -> update.UpdateRequest
	91,  // 102: rest.UpdateService.ApplyUpdate:input_type -> update.ApplyUpdateRequest
	92,  // 103: rest.FrontendService.FrontState:input_type -> rest.FrontStateRequest
	93,  // 104: rest.FrontendService.FrontBootConf:input_type -> rest.FrontBootConfRequest
	94,  // 105: rest.FrontendService.FrontMessages:input_type -> rest.FrontMessagesRequest
	95,  // 106: rest.FrontendService.FrontPlugins:input_type -> rest.FrontPluginsRequest
	96,  // 107: rest.FrontendService.FrontSession:input_type -> rest.FrontSessionRequest
	97,  // 108: rest.FrontendService.FrontEnrollAuth:input_type -> rest.FrontEnrollAuthRequest
	98,  // 109: rest.FrontendService.FrontServeBinary:input_type -> rest.FrontBinaryRequest
	98,  // 110: rest.FrontendService.FrontPutBinary:input_type -> rest.FrontBinaryRequest
	99,  // 111: rest.FrontendService.SettingsMenu:input_type -> rest.SettingsMenuRequest
	1,   // 112: rest.HealthService.ApiPing:input_type -> rest.HealthServiceRequest
	1,   // 113: rest.HealthService.ApiLive:input_type -> rest.HealthServiceRequest
	1,   // 114: rest.HealthService.ApiReady:input_type -> rest.HealthServiceRequest
	1,   // 115: rest.HealthService.ServiceLive:input_type -> rest.HealthServiceRequest
	1,   // 116: rest.HealthService.ServiceReady:input_type -> rest.HealthServiceRequest
	5,   // 117: rest.ConfigService.PutConfig:output_type -> rest.Configuration
	5,   // 118: rest.ConfigService.GetConfig:output_type -> rest.Configuration
	6,   // 119: rest.ConfigService.PutDataSource:output_type -> object.DataSource
	6,   // 120: rest.ConfigService.GetDataSource:output_type -> object.DataSource
	100, // 121: rest.ConfigService.DeleteDataSource:output_type -> rest.DeleteDataSourceResponse
	101, // 122: rest.ConfigService.ListDataSources:output_type -> rest.DataSourceCollection
	102, // 123: rest.ConfigService.ListVersioningPolicies:output_type -> rest.VersioningPolicyCollection
	9,   // 124: rest.ConfigService.GetVersioningPolicy:output_type -> tree.VersioningPolicy
	103, // 125: rest.ConfigService.ListVirtualNodes:output_type -> rest.NodesCollection
	104, // 126: rest.ConfigService.ListServices:output_type -> rest.ServiceCollection
	105, // 127: rest.ConfigService.ControlService:output_type -> ctl.Service
	106, // 128: rest.ConfigService.ListRegistry:output_type -> registry.ListResponse
	107, // 129: rest.ConfigService.ListPeersAddresses:output_type -> rest.ListPeersAddressesResponse
	103, // 130: rest.ConfigService.ListPeerFolders:output_type -> rest.NodesCollection
	108, // 131: rest.ConfigService.CreatePeerFolder:output_type -> rest.CreatePeerFolderResponse
	103, // 132: rest.ConfigService.ListStorageBuckets:output_type -> rest.NodesCollection
	109, // 133: rest.ConfigService.CreateStorageBucket:output_type -> rest.CreateStorageBucketResponse
	110, // 134: rest.ConfigService.ListProcesses:output_type -> rest.ListProcessesResponse
	111, // 135: rest.ConfigService.ListEncryptionKeys:output_type -> encryption.AdminListKeysResponse
	112, // 136: rest.ConfigService.CreateEncryptionKey:output_type -> encryption.AdminCreateKeyResponse
	113, // 137: rest.ConfigService.DeleteEncryptionKey:output_type -> encryption.AdminDeleteKeyResponse
	114, // 138: rest.ConfigService.ExportEncryptionKey:output_type -> encryption.AdminExportKeyResponse
	115, // 139: rest.ConfigService.ImportEncryptionKey:output_type -> encryption.AdminImportKeyResponse
	116, // 140: rest.ConfigService.EndpointsDiscovery:output_type -> rest.DiscoveryResponse
	117, // 141: rest.ConfigService.OpenApiDiscovery:output_type -> rest.OpenApiResponse
	116, // 142: rest.ConfigService.ConfigFormsDiscovery:output_type -> rest.DiscoveryResponse
	118, // 143: rest.ConfigService.SchedulerActionsDiscovery:output_type -> rest.SchedulerActionsResponse
	119, // 144: rest.ConfigService.SchedulerActionFormDiscovery:output_type -> rest.SchedulerActionFormResponse
	120, // 145: rest.ConfigService.ListSites:output_type -> rest.ListSitesResponse
	30,  // 146: rest.RoleService.SetRole:output_type -> idm.Role
	30,  // 147: rest.RoleService.DeleteRole:output_type -> idm.Role
	30,  // 148: rest.RoleService.GetRole:output_type -> idm.Role
	121, // 149: rest.RoleService.SearchRoles:output_type -> rest.RolesCollection
	32,  // 150: rest.UserService.PutUser:output_type -> idm.User
	122, // 151: rest.UserService.DeleteUser:output_type -> rest.DeleteResponse
	32,  // 152: rest.UserService.GetUser:output_type -> idm.User
	123, // 153: rest.UserService.SearchUsers:output_type -> rest.UsersCollection
	32,  // 154: rest.UserService.PutRoles:output_type -> idm.User
	34,  // 155: rest.ACLService.PutAcl:output_type -> idm.ACL
	122, // 156: rest.ACLService.DeleteAcl:output_type -> rest.DeleteResponse
	124, // 157: rest.ACLService.SearchAcls:output_type -> rest.ACLCollection
	125, // 158: rest.PolicyService.ListPolicies:output_type -> idm.ListPolicyGroupsResponse
	37,  // 159: rest.WorkspaceService.PutWorkspace:output_type -> idm.Workspace
	122, // 160: rest.WorkspaceService.DeleteWorkspace:output_type -> rest.DeleteResponse
	126, // 161: rest.WorkspaceService.SearchWorkspaces:output_type -> rest.WorkspaceCollection
	127, // 162: rest.ActivityService.Stream:output_type -> activity.Object
	40,  // 163: rest.ActivityService.Subscribe:output_type -> activity.Subscription
	128, // 164: rest.ActivityService.SearchSubscriptions:output_type -> rest.SubscriptionsCollection
	129, // 165: rest.LogService.Syslog:output_type -> rest.LogMessageCollection
	130, // 166: rest.TokenService.Revoke:output_type -> rest.RevokeResponse
	131, // 167: rest.TokenService.ResetPasswordToken:output_type -> rest.ResetPasswordTokenResponse
	132, // 168: rest.TokenService.ResetPassword:output_type -> rest.ResetPasswordResponse
	133, // 169: rest.TokenService.GenerateDocumentAccessToken:output_type -> rest.DocumentAccessTokenResponse
	134, // 170: rest.MailerService.Send:output_type -> mailer.SendMailResponse
	135, // 171: rest.SearchService.Nodes:output_type -> rest.SearchResults
	136, // 172: rest.TreeService.BulkStatNodes:output_type -> rest.BulkMetaResponse
	103, // 173: rest.TreeService.CreateNodes:output_type -> rest.NodesCollection
	137, // 174: rest.TreeService.HeadNode:output_type -> rest.HeadNodeResponse
	138, // 175: rest.TreeService.DeleteNodes:output_type -> rest.DeleteNodesResponse
	139, // 176: rest.TreeService.RestoreNodes:output_type -> rest.RestoreNodesResponse
	140, // 177: rest.TreeService.CreateSelection:output_type -> rest.CreateSelectionResponse
	141, // 178: rest.TemplatesService.ListTemplates:output_type -> rest.ListTemplatesResponse
	142, // 179: rest.MetaService.GetMeta:output_type -> tree.Node
	142, // 180: rest.MetaService.SetMeta:output_type -> tree.Node
	142, // 181: rest.MetaService.DeleteMeta:output_type -> tree.Node
	136, // 182: rest.MetaService.GetBulkMeta:output_type -> rest.BulkMetaResponse
	143, // 183: rest.UserMetaService.UpdateUserMeta:output_type -> idm.UpdateUserMetaResponse
	144, // 184: rest.UserMetaService.SearchUserMeta:output_type -> rest.UserMetaCollection
	136, // 185: rest.UserMetaService.UserBookmarks:output_type -> rest.BulkMetaResponse
	145, // 186: rest.UserMetaService.UpdateUserMetaNamespace:output_type -> idm.UpdateUserMetaNamespaceResponse
	146, // 187: rest.UserMetaService.ListUserMetaNamespace:output_type -> rest.UserMetaNamespaceCollection
	147, // 188: rest.UserMetaService.GetFieldSchema:output_type -> idm.JsonSchemaResponse
	147, // 189: rest.UserMetaService.GetNamespaceSchema:output_type -> idm.JsonSchemaResponse
	148, // 190: rest.UserMetaService.ListUserMetaTags:output_type -> rest.ListUserMetaTagsResponse
	149, // 191: rest.UserMetaService.PutUserMetaTag:output_type -> rest.PutUserMetaTagResponse
	150, // 192: rest.UserMetaService.DeleteUserMetaTags:output_type -> rest.DeleteUserMetaTagsResponse
	151, // 193: rest.JobsService.UserCreateJob:output_type -> rest.UserJobResponse
	152, // 194: rest.JobsService.UserListJobs:output_type -> rest.UserJobsCollection
	153, // 195: rest.JobsService.UserControlJob:output_type -> jobs.CtrlCommandResponse
	154, // 196: rest.JobsService.UserDeleteTasks:output_type -> jobs.DeleteTasksResponse
	129, // 197: rest.JobsService.ListTasksLogs:output_type -> rest.LogMessageCollection
	103, // 198: rest.AdminTreeService.ListAdminTree:output_type -> rest.NodesCollection
	155, // 199: rest.AdminTreeService.StatAdminTree:output_type -> tree.ReadNodeResponse
	156, // 200: rest.GraphService.UserState:output_type -> rest.UserStateResponse
	157, // 201: rest.GraphService.Relation:output_type -> rest.RelationResponse
	158, // 202: rest.GraphService.Recommend:output_type -> rest.RecommendResponse
	159, // 203: rest.ShareService.PutCell:output_type -> rest.Cell
	159, // 204: rest.ShareService.GetCell:output_type -> rest.Cell
	160, // 205: rest.ShareService.DeleteCell:output_type -> rest.DeleteCellResponse
	161, // 206: rest.ShareService.PutShareLink:output_type -> rest.ShareLink
	161, // 207: rest.ShareService.GetShareLink:output_type -> rest.ShareLink
	162, // 208: rest.ShareService.DeleteShareLink:output_type -> rest.DeleteShareLinkResponse
	163, // 209: rest.ShareService.ListSharedResources:output_type -> rest.ListSharedResourcesResponse
	164, // 210: rest.ShareService.UpdateSharePolicies:output_type -> rest.UpdateSharePoliciesResponse
	165, // 211: rest.InstallService.GetInstall:output_type -> install.GetDefaultsResponse
	166, // 212: rest.InstallService.PostInstall:output_type -> install.InstallResponse
	167, // 213: rest.InstallService.PerformInstallCheck:output_type -> install.PerformCheckResponse
	168, // 214: rest.InstallService.GetAgreement:output_type -> install.GetAgreementResponse
	169, // 215: rest.InstallService.InstallEvents:output_type -> install.InstallEventsResponse
	170, // 216: rest.UpdateService.UpdateRequired:output_type -> update.UpdateResponse
	171, // 217: rest.UpdateService.ApplyUpdate:output_type -> update.ApplyUpdateResponse
	172, // 218: rest.FrontendService.FrontState:output_type -> rest.FrontStateResponse
	173, // 219: rest.FrontendService.FrontBootConf:output_type -> rest.FrontBootConfResponse
	174, // 220: rest.FrontendService.FrontMessages:output_type -> rest.FrontMessagesResponse
	175, // 221: rest.FrontendService.FrontPlugins:output_type -> rest.FrontPluginsResponse
	176, // 222: rest.FrontendService.FrontSession:output_type -> rest.FrontSessionResponse
	177, // 223: rest.FrontendService.FrontEnrollAuth:output_type -> rest.FrontEnrollAuthResponse
	178, // 224: rest.FrontendService.FrontServeBinary:output_type -> rest.FrontBinaryResponse
	178, // 225: rest.FrontendService.FrontPutBinary:output_type -> rest.FrontBinaryResponse
	179, // 226: rest.FrontendService.SettingsMenu:output_type -> rest.SettingsMenuResponse
	3,   // 227: rest.HealthService.ApiPing:output_type -> rest.HealthServiceResponse
	3,   // 228: rest.HealthService.ApiLive:output_type -> rest.HealthServiceResponse
	3,   // 229: rest.HealthService.ApiReady:output_type -> rest.HealthServiceResponse
	3,   // 230: rest.HealthService.ServiceLive:output_type -> rest.HealthServiceResponse
	3,   // 231: rest.HealthService.ServiceReady:output_type -> rest.HealthServiceResponse
	117, // [117:232] is the sub-list for method output_type
	2,   // [2:117] is the sub-list for method input_type
	2,   // [2:2] is the sub-list for extension type_name
	2,   // [2:2] is the sub-list for extension extendee
	0,   // [0:2] is the sub-list for field type_name
}

func init() { file_cellsapi_rest_proto_init() }
func file_cellsapi_rest_proto_init() {
	if File_cellsapi_rest_proto != nil {
		return
	}
	file_cellsapi_common_proto_init()
	file_cellsapi_data_proto_init()
	file_cellsapi_idm_proto_init()
	file_cellsapi_broker_proto_init()
	file_cellsapi_config_proto_init()
	file_cellsapi_scheduler_proto_init()
	file_cellsapi_graph_proto_init()
	file_cellsapi_share_proto_init()
	file_cellsapi_frontend_proto_init()
	file_cellsapi_templates_proto_init()
	if !protoimpl.UnsafeEnabled {
		file_cellsapi_rest_proto_msgTypes[0].Exporter = func(v any, i int) any {
			switch v := v.(*DeleteWorkspaceRequest); i {
			case 0:
				return &v.state
			case 1:
				return &v.sizeCache
			case 2:
				return &v.unknownFields
			default:
				return nil
			}
		}
		file_cellsapi_rest_proto_msgTypes[1].Exporter = func(v any, i int) any {
			switch v := v.(*HealthServiceRequest); i {
			case 0:
				return &v.state
			case 1:
				return &v.sizeCache
			case 2:
				return &v.unknownFields
			default:
				return nil
			}
		}
		file_cellsapi_rest_proto_msgTypes[2].Exporter = func(v any, i int) any {
			switch v := v.(*ComponentStatus); i {
			case 0:
				return &v.state
			case 1:
				return &v.sizeCache
			case 2:
				return &v.unknownFields
			default:
				return nil
			}
		}
		file_cellsapi_rest_proto_msgTypes[3].Exporter = func(v any, i int) any {
			switch v := v.(*HealthServiceResponse); i {
			case 0:
				return &v.state
			case 1:
				return &v.sizeCache
			case 2:
				return &v.unknownFields
			default:
				return nil
			}
		}
	}
	type x struct{}
	out := protoimpl.TypeBuilder{
		File: protoimpl.DescBuilder{
			GoPackagePath: reflect.TypeOf(x{}).PkgPath(),
			RawDescriptor: file_cellsapi_rest_proto_rawDesc,
			NumEnums:      0,
			NumMessages:   5,
			NumExtensions: 0,
			NumServices:   23,
		},
		GoTypes:           file_cellsapi_rest_proto_goTypes,
		DependencyIndexes: file_cellsapi_rest_proto_depIdxs,
		MessageInfos:      file_cellsapi_rest_proto_msgTypes,
	}.Build()
	File_cellsapi_rest_proto = out.File
	file_cellsapi_rest_proto_rawDesc = nil
	file_cellsapi_rest_proto_goTypes = nil
	file_cellsapi_rest_proto_depIdxs = nil
}
